index	upstream_sha	commit_date	subject	review_status	decision	rtd_commit	notes
1	211e22a5b0e08f8840f6a3e74120e1b4b04d5adb	2025-12-21	Add address balance stress test (#24633)	REVIEWED	EXCLUDE_NON_CODE		仅新增压力测试和测试币包，未修复既有缺陷
2	a817cc2d45f0419c367f9b4bc92558bbbfb3f5a5	2025-12-22	fix: correct IPv6 port checks in multiaddr tests (#24640)	APPLIED	MERGE	c4fc569f1d8269ccb6280bf38bbe1eac7eadc23e	修复 fork 基线既有测试误用 IPv4 变量
3	0662e8825c8c02e7e63b3014acfd05a9058a8345	2025-12-22	[consensus] recover own blocks regardless of whether blocks have been accepted in the epoch (#24698)	APPLIED	MERGE	d97eace1dbb93f7b8bf8db9649801d2081a2e454	移除基线 highest_accepted_round 限制，首次进程启动始终执行 amnesia recovery
4	b7982f0d0725e129f9c524f53bfe3af536248d0e	2025-12-22	[1/n][sui-bridge][JSON RPC -> gRPC Migration] use gRPC for querying bridge events on sui (#24606)	REVIEWED	EXCLUDE_FEATURE		JSON-RPC 到 gRPC 的桥接迁移，新增约 888 行
5	1c3896a6db64651678576f9b4bc92558bbbfb3f5a5	2025-12-23	[sui-tool] Increase max_retries from 5 to 10 (#24732)	REVIEWED	EXCLUDE_FEATURE		仅调整重试阈值，无缺陷说明或修复逻辑
6	34f9a3e3bd28a34098454c781bf14574d8825458	2025-12-23	Add missing call index column to move calls table (#24724)	APPLIED	MERGE	2e63c3c394b3dbf2745cfe37780f44a174c762b0	为基线 move_calls 和分析表增加 PTB 命令索引
7	0e14c011f113822608b1f19c76bbacb73e0caa82	2025-12-23	Bridge limiter bypass (#24221)	REVIEWED	EXCLUDE_FEATURE		引入 Bridge V2 合约和协议行为，13254 行新增为主
8	0b0dc2a896113a68ec39c77da8086fe0a5ee6381	2025-12-25	[framework] fix off-by-one error in total supply (#24702)	APPLIED	MERGE	a3efb2806ee49cdcd22e13a55de69ab9e628b0a2;ff28c61c303253d8cec3618b2d32c1021a1e4fb1	修复基线严格小于导致无法达到 u64::MAX，并重建协议 105 快照
9	8790f12170866f715d8313f1467e1d410769bca9	2025-12-26	consensus: simplify indirect finalization blocking tasks (#24741)	REVIEWED	EXCLUDE_FEATURE		保持语义的 JoinSet 重构，不是缺陷修复
10	101d3b79c711bcc801eaf40a6a0bb9e21d26b75e	2025-12-29	fix(consensus): handle VecDeque wraparound in scan_last_blocks_by_author (#24745)	APPLIED	MERGE	95467360339daebc27ecf98c01ebe53c7f879f9f	修复基线 as_slices().0 静默丢失第二分段
11	e72c9feb85c1cfcfe60af17625c041fb21ab5ddf	2025-12-29	[consensus] avoid cloning subscribed block before handling (#24746)	REVIEWED	EXCLUDE_FEATURE		仅消除已订阅块的一次 clone，属于性能优化
12	3942fc1e57f05b4c45adf7514f7b32db71e407ac	2025-12-29	[graphql-alt] Add checks and coin selection argument to simulateTransaction (#24679)	REVIEWED	EXCLUDE_FEATURE		扩展 simulateTransaction 的 checks 与 coin selection API
13	da34bd879b8e53a67f9955a393bd5c5ceede94db	2025-12-30	[fix] add always_include_required_pcrs flag to parse nitro attestation (#24670)	APPLIED	MERGE	e25a00e95f31e4008f5e522406ded0e6bd8bb706	修复基线启用自定义 PCR 后错误过滤全零必需 PCR
14	56ca03f774c4b1f2246dc8936f0caaf4668ce07b	2025-12-30	[move-ide] Implemented server restart command (#24723)	REVIEWED	EXCLUDE_FEATURE		新增 Move IDE restart 命令与客户端通知
15	b21d9071a1eb5697da7d561e5c5af39fce438938	2025-12-30	Remove Quorum Driver and migrate to Transaction Driver (#24742)	REVIEWED	EXCLUDE_FEATURE		大规模移除 Quorum Driver 并迁移 Transaction Driver
16	d5aff4f9167014d02776387b0cc684c47762c890	2025-12-30	Address balances: account for storage cost of accumulator objects (#24690)	REVIEWED	EXCLUDE_FEATURE		以协议 v106 和新系统交易引入估算型存储基金记账机制
17	4d7fa911cb4d2e477ae0f78c82d4a5fa178b949f	2025-12-31	perf: avoid extra clones in core thread dispatcher (#24748)	REVIEWED	EXCLUDE_FEATURE		仅减少 core thread dispatcher 的 clone
18	b079752c05d5d53f3020fe18784c5da10c97a931	2025-12-31	[graphql-alt] Update IAddressable return types for partial error support [2/n] (#24681)	REVIEWED	EXCLUDE_FEATURE		GraphQL partial error 系列的返回类型/API 扩展
19	d346634879d2839c9132d509d68a9c94f694e380	2025-12-31	Improvements & fixes for discovery protocol (#24720)	APPLIED	MERGE	49acd0b4410d0b92ed2dc68c87212fb1e0919fae	抽取基线 allowlist 主动拨号与 Private 节点信息泄露修复
20	22f9fc9781732d651e18384c9a8eb1dabddf73a6	2025-12-31	Disable Owned Object Locking (#24676)	REVIEWED	EXCLUDE_FEATURE		协议级禁用 owned object locking 并改写交易执行路径
21	b62fe4118e50eebe148644a3373a9f547c10a00d	2026-01-02	Sui v1.63.0 Framework Bytecode snapshot (#24755)	REVIEWED	EXCLUDE_POST_FORK		协议 106 framework 快照依赖 fork 后新增的 accumulator 存储基金机制
22	c1524c8b2b814f6d1b9fb72b793a85061d460534	2026-01-02	Sui v1.64.0 Version Bump (#24756)	REVIEWED	EXCLUDE_NON_CODE		仅版本、依赖和 changelog bump
23	c748f4b478d31236a1930bc70a65a793599c3d2d	2026-01-03	Use a single AuthorityPerEpochStore in SuiTxValidator (#24758)	APPLIED	MERGE	1577e755f6dd00b1368cb508e94a5d4378819ea0	固定 validator 的 epoch store，避免 epoch 切换竞态
24	9f05896701704d0734d42ae2a64f2056a01cda56	2026-01-04	Gas charger refactoring (#24726)	REVIEWED	EXCLUDE_FEATURE		为后续协议兼容层准备的 gas charger 重构
25	dbd8cfa70a222975ec3613eb3e552557742ad32d	2026-01-05	Merge accumulator events early to avoid discrepancy between TransactionOutputs::accumulator_events and TransactionEffects::acumulator_events (#24762)	APPLIED	MERGE	aca95a578a822552524732a8c908c71f69b2cb50	在生成 TransactionOutputs 前按 accumulator object 合并 events
26	02ec45c773ca1d97044218ddfa90cf9e26964394	2026-01-05	[core] prune dead branches from forced-on configs (#24731)	REVIEWED	EXCLUDE_FEATURE		协议配置强制开启后的 dead-code 清理
27	5cec996ec7a316dbf03b42388583d3cc8ec2d8d8	2026-01-05	[consensus] avoid redundant String allocation in median_timestamp_by_stake error (#24761)	REVIEWED	EXCLUDE_FEATURE		行为不变的冗余 String 分配清理
28	dcbf21a9840392f95ec120d6bafc661507fdb384	2026-01-05	fix: remove dead network_type from simtests config (#24760)	REVIEWED	EXCLUDE_FEATURE		删除未使用的 simtest network_type 配置
29	f90d706acb71c7816104d5d106a8254dbf86b117	2026-01-05	fix permanent (#24728)	APPLIED	MERGE	62090c5d991f0cc3cc8bba18e63ccce7c71c3de8	修正 indexer ingestion 永久错误消息拼写
30	4d8574f5bda22bac93dec9e082e01d6c4bb335e6	2026-01-05	Alt Framework Analytics Indexer (#24716)	REVIEWED	EXCLUDE_FEATURE		新增 analytics indexer alt framework 架构
31	a9506dcf899903360d3ef6ef108f83f42753be5f	2026-01-05	[package-alt] implement --allow-dirty and fix --install-dir (#24715)	REVIEWED	EXCLUDE_FEATURE		PackageLoader/allow-dirty feature 与大范围 API 迁移，install-dir 无独立小补丁
32	ebc792b45b15cf18c50532dd11fb376df61c30d8	2026-01-05	graphql: clamp indices for pagination (#24785)	APPLIED	MERGE	ff9a47210d367e7dc887bd669bb907a478950ba3	限制索引游标范围，避免越界 node 访问
33	1b08d0f6b41e2981e9d6a2f590f6f1771b903613	2026-01-05	remove overly verbose logs (#24791)	REVIEWED	EXCLUDE_FEATURE		只删除高频日志，不改变行为
34	2b0a76efc889cd65c4a4664b457387b6b187ece0	2026-01-05	[move-ide] Better on-hover value display for string constants (#24704)	APPLIED	MERGE	4b82d050ae81a3b611e889219edbda85dbdf5896	使用 compiler analysis 保留 string constant hover 原文
35	29de39bd6db5319f2b0b712f64be8b188d1d2057	2026-01-05	[move][cleanup] Remove `once_cell` in favor of not-stable `LazyLock` in `std` (#24695)	REVIEWED	EXCLUDE_FEATURE		行为不变的 LazyLock 依赖清理
36	2493af7373b531cfcef697c4f756f16bbc70b2f3	2026-01-05	[gas] New computation gas rounding (#24600)	REVIEWED	EXCLUDE_FEATURE		协议 107 新 computation gas rounding 规则
37	01e3d24f39e42e246aa279c05ba2ba7dba1e85d9	2026-01-06	graphql: delete GraphQL Alpha and Legacy Indexer (#24767)	REVIEWED	EXCLUDE_FEATURE		大规模退役 GraphQL Alpha 与 legacy indexer
38	bcc86aee4bc45c738f1b62d3f75276997376688a	2026-01-06	refactor(basic-indexer): use Service abstraction	REVIEWED	EXCLUDE_FEATURE		basic indexer 示例 Service API 迁移
39	47eedfae1867590748b5d6ddbb5b1be1561dd8e4	2026-01-06	refactor(clickhouse-indexer): use Service abstraction	REVIEWED	EXCLUDE_FEATURE		ClickHouse indexer 示例 Service API 迁移
40	5474df434f777e3e4c9a0e426b173e22245ce3a1	2026-01-06	refactor(walrus-indexer): use Service abstraction	REVIEWED	EXCLUDE_FEATURE		Walrus indexer 示例 Service API 迁移
41	d1182c0080d2a245862784da2f800673b49fb109	2026-01-06	graphql: raise 500 for panics	APPLIED	MERGE	9047fc5012a663f94ae6b37a452177b51b213a5b;6c2ddedd437865b88c4258a0de4e487bc032667a	捕获 GraphQL request panic，返回 500 internal error 并记录指标
42	a342a9edf7954c255d6c95664a4c601ac2c580e2	2026-01-06	jsonrpc-alt: catch panic handler	APPLIED	MERGE	43001a4903f1c1b7d657c10cbed23ed90a93ce5a;6c2ddedd437865b88c4258a0de4e487bc032667a	捕获 JSON-RPC request panic，返回 internal error 并记录指标
43	c3a01cacd606407c5f828526321115ed88988bad	2026-01-06	consistent-store: raise internal error for panics	APPLIED	MERGE	61284b0b331d57956d5cedb9da8df459ee6bf484;6c2ddedd437865b88c4258a0de4e487bc032667a	捕获 consistent-store gRPC panic 并返回 Internal status
44	3adbd2446c06077ee11908e0b298f87fb995bc83	2026-01-06	docs: Revisions to `/concepts/cryptography` pages (#24757)	REVIEWED	EXCLUDE_NON_CODE		仅重组和修订 cryptography 文档
45	b56147803c42e4ffcac4696df8d9df89d22b4841	2026-01-06	clean up READMEs for package-alt crates (#24811)	REVIEWED	EXCLUDE_NON_CODE		仅清理 package-alt README
46	baae1c4dedfd43180677400c885c37a7db7fa800	2026-01-06	rpc-index: include address balances in the balance index (#24797)	REVIEWED	EXCLUDE_FEATURE		把 address balance 纳入 RPC balance index 的新索引能力
47	6fce1bea1a63495887f7e10ab46a6b736a22b131	2026-01-06	[trace-view] Metadata generation for NPM publishing (#24753)	REVIEWED	EXCLUDE_FEATURE		trace-adapter NPM declaration 与发布配置
48	8d453e593d58cbd43e7b046a2ea48a309d4e234a	2026-01-06	[move][tracing] Update event API to allow it to specify which events to save in the trace (#23138)	REVIEWED	EXCLUDE_FEATURE		扩展 tracing API 以支持调用方选择事件
49	4c8c5e7fd3d24edfba3564d69fc09faeb7ee07f5	2026-01-06	fixup docker builds for indexer-alt rpc services (#24813)	REVIEWED	EXCLUDE_POST_FORK		只修复第 41-43 条新增 unwind profile 的 Docker 路径；必要 hunk 作为移植集成适配纳入
50	c69bda536263dce7fcfe18a32611fef2bebd4ed1	2026-01-06	chore(pnpm audit): bump `qs >= 6.14.1` (#24814)	APPLIED	MERGE	66dd0f93fe41125b152dac744780e291deb73f15	更新 Express 与 lockfiles，当前解析到 qs 6.15.3
51	4e353e1464395b95cfd3fccf356a5bd2f320d7ff	2026-01-06	docs: fix title capitalization (#24812)	REVIEWED	EXCLUDE_NON_CODE		仅修改文档标题大小写
52	76f9503c63799b122b769dc8f90b6c732148d395	2026-01-06	fix: redirect (#24816)	REVIEWED	EXCLUDE_NON_CODE		仅修正文档站 Vercel redirect 配置
53	5a5818ed53ffdf5505efb95f90060ebe17ab8281	2026-01-06	docs: Gaming on Sui revision (#24719)	REVIEWED	EXCLUDE_NON_CODE		仅重写 Gaming 文档
54	1b872e186274e2b18895c8b1cd418bf892af680e	2026-01-06	Fix flaky test_simulated_load_conflicting_transfers simtest (#24759)	REVIEWED	EXCLUDE_POST_FORK		只修复第 20 条被排除 feature 新增的 soft-bundle workload
55	af83c5bcd3567c7fc2e9e9f82d46ca4471c452f6	2026-01-06	Handle unindexed balance_changes (#24794)	APPLIED	MERGE	7d63628b06cbd103abaac25e315ead9b9c76604a	拒绝读取尚未追上 balance index watermark 的 checkpoint 和 transaction
56	40793a635263ce37066f4a6ca66726371cad08a3	2026-01-06	Move full_checkpoint_content_v2 to the end of the list (#24818)	APPLIED	MERGE	8d3226de607f20fa4e75a4332d722de5659334d2	把基线新增 Tidehunter tables 移到列表末尾以保持既有 keyspace 编号
57	57950d264b540b59fdec953fa5d790113fe1dfd2	2026-01-07	graphql: Introduce Query.node(id: ID!): Node	REVIEWED	EXCLUDE_FEATURE		新增 GraphQL Global Node ID 接口
58	ef3488d505c288809b78f60488ae986b27e547ea	2026-01-07	graphql(node): Object implements Node	REVIEWED	EXCLUDE_FEATURE		扩展 Object 实现 Node
59	f3ec6a50a3d29c725415ae6c2ada250144386214	2026-01-07	graphql(node): MovePackage implements Node	REVIEWED	EXCLUDE_FEATURE		扩展 MovePackage 实现 Node
60	3789e36ac36a719b30291249e27587107d5e3a43	2026-01-07	graphql(node): Epoch implements Node	REVIEWED	EXCLUDE_FEATURE		扩展 Epoch 实现 Node
61	afb5eba4db03d4d6b404cdb006c50bad626f1a6b	2026-01-07	graphql(node): Checkpoint implements Node	REVIEWED	EXCLUDE_FEATURE		扩展 Checkpoint 实现 Node
62	06c0738d84d80d412f6b88339645893c03128bb3	2026-01-07	graphql(node): Transaction implements Node	REVIEWED	EXCLUDE_FEATURE		扩展 Transaction 实现 Node
63	fbe7ab90e45e2e08e9731fbfe75e484ced021506	2026-01-07	graphql(node): MoveObject implements Node	REVIEWED	EXCLUDE_FEATURE		扩展 MoveObject 实现 Node
64	568c24b6317880d812fe409b354f52fe9f127551	2026-01-07	graphql(node): DynamicField implements Node	REVIEWED	EXCLUDE_FEATURE		扩展 DynamicField 实现 Node
65	b93b5e4c1e127d667721f544d1894e539ae097d4	2026-01-07	graphql(node): document Node, Node.id, Query.node	REVIEWED	EXCLUDE_POST_FORK		只补充第 57-64 条新增 Node feature 的 schema 文档
66	00f4ff98b17118386aa7261490b1bf45e57ddc58	2026-01-07	rpc: add support for address balances to GetBalance and ListBlances (#24817)	REVIEWED	EXCLUDE_FEATURE		为 balance RPC 新增 address-balance 查询能力
67	3e4bf56bdc66d74f97bdadb31056ef652845db78	2026-01-07	graphql: MoveModule.fullyQualifiedName	REVIEWED	EXCLUDE_FEATURE		新增 fullyQualifiedName GraphQL 字段
68	fb55e5e428a3c0f079256b27795a9bab4c67ba14	2026-01-07	graphql: MoveFunction.fullyQualifiedName	REVIEWED	EXCLUDE_FEATURE		新增 fullyQualifiedName GraphQL 字段
69	225279984087553efeb68a834e653cc16a219484	2026-01-07	graphql: IMoveDatatype.fullyQualifiedName	REVIEWED	EXCLUDE_FEATURE		新增 fullyQualifiedName GraphQL 字段
70	e2c480c8defeca4de7199d821bedc2854440fd92	2026-01-07	Fix protocol compatibility check against testnet (#24830)	REVIEWED	EXCLUDE_NON_CODE		仅给 Testnet 协议快照补 insta snapshot_kind 元数据
71	d73f008d6d98597f887668d7ea316fb731654ad8	2026-01-07	Migrate native bridge from ethers to alloy (#24575)	REVIEWED	EXCLUDE_FEATURE		大规模 native bridge SDK 迁移
72	e0006bcc54c747977437c29ef5846373cb871fd0	2026-01-07	[indexer-alt] include address balance addresses in tx_affected_addresses (#24799)	APPLIED	MERGE	bc0cec63adec8f3c3f762ad9f83b3f9751ccf888	补齐 accumulator balance write 所影响的地址
73	f55e95101969828318bdc1a171ab677c7701d746	2026-01-07	[tree-sitter] Fix `spec` variable-name parsing. Update kws (#24829)	APPLIED	MERGE	762816a41c01291092a77e901dfd1fdc0215092e	允许 spec 作为普通变量名同时保留 spec block 解析
74	1bc43724cc798ba4d60ffba0040f065940016df7	2026-01-07	[cli] Fix publish/upgrade issues (#24822)	APPLIED	MERGE	a8cbd6d0e51a0a86c1c430fdc0b359b54ef97db5	publish 和 upgrade 的 dry-run/serialize 结果不再被误报为错误
75	400e0464cbdc2b3cd18f889fcdc4530d34a40f14	2026-01-07	[ptb] Support `TxContext` arguments in any position (#24802)	REVIEWED	EXCLUDE_FEATURE		协议 107 新增 PTB TxContext 参数位置能力
76	76514039c96236fd631b70506c97bf3aa89caf91	2026-01-08	graphql: Epoch.totalTransactions for in-progress epochs (#24781)	REVIEWED	EXCLUDE_FEATURE		把原约定为 null 的未结束 epoch 字段扩展为实时计算
77	911155e271eb553937437d4885d559d719762bdc	2026-01-08	docs: Revise + move /concepts/sui-move-concepts pages  (#24796)	REVIEWED	EXCLUDE_NON_CODE		仅移动并修订概念文档
78	fd8d5f94521f71d56801ef3a6d6fa77996067ac2	2026-01-08	docs: Revisions to `/concepts/data-access` pages (#24819)	REVIEWED	EXCLUDE_NON_CODE		仅修订 data-access 文档
79	4ab28f7b8c403cf493fe8d4e1388d2d5c79d36bf	2026-01-08	[ci] append useful info to simtest oncall slack message (#24838)	REVIEWED	EXCLUDE_NON_CODE		仅修改 CI oncall 通知内容
80	f68ddcccab699fb583bc2ab686cad61dda9eec89	2026-01-08	chore(imports): standardize imports for analytics-indexer	REVIEWED	EXCLUDE_FEATURE		仅标准化 import 排序
81	7618e39df2115c0718c7612d6ea8b91f14313b4d	2026-01-08	chore(imports): standardize imports for `sui-checkpoint-blob-indexer`	REVIEWED	EXCLUDE_FEATURE		仅标准化 import 排序
82	641c5b8569dfd0d7a62533b521bce3e053ea760b	2026-01-08	chore(imports): standardize imports for RPC macro crates	REVIEWED	EXCLUDE_FEATURE		仅标准化 import 排序
83	ee871d337be9272266a06022312f5060badb3cfb	2026-01-08	chore(imports): standardize imports for `sui-pg-db`	REVIEWED	EXCLUDE_FEATURE		仅标准化 import 排序
84	59190e5426ba227932cf09d8e1cc1efef1ab2f69	2026-01-08	chore(imports): standardize imports for `sui-package-resolver`	REVIEWED	EXCLUDE_FEATURE		仅标准化 import 排序
85	b2cb0503146652428809e909dcc8037011edce8a	2026-01-08	chore(imports): standardize imports for `sui-display`	REVIEWED	EXCLUDE_FEATURE		仅标准化 import 排序
86	7a657477f0f3ee3fc12c57a58b7da2e4dfb8b055	2026-01-08	chore(imports): standardize imports for `sui-indexer-alt-consistent-store`	REVIEWED	EXCLUDE_FEATURE		仅标准化 import 排序
87	c6613286a258ab55d4f16d6f0b2c87f93fcd53d4	2026-01-08	chore(imports): standardize imports for `sui-indexer-alt-e2e-tests`	REVIEWED	EXCLUDE_FEATURE		仅标准化 import 排序
88	0be1eff1991315dbb39e5e5cbf20e0784fc45651	2026-01-08	chore(imports): standardize imports for `sui-indexer-alt-framework`	REVIEWED	EXCLUDE_FEATURE		仅标准化 import 排序
89	d950ab08807912bfce6d2aefacbee9e5f0ca5ac9	2026-01-08	chore(imports): standardize imports for `sui-indexer-alt-graphql`	REVIEWED	EXCLUDE_FEATURE		仅标准化 import 排序
90	fa8b64264b2ae3a305a6d1478d9142896fca9377	2026-01-08	chore(imports): standardize imports for `sui-indexer-alt-jsonrpc`	REVIEWED	EXCLUDE_FEATURE		仅标准化 import 排序
91	6f62b7b222d7cac531bafc7c08dad47060597c1b	2026-01-08	chore(imports): standardize imports for `sui-indexer-alt-metrics`	REVIEWED	EXCLUDE_FEATURE		仅标准化 import 排序
92	4ee3348723b79d8ac6ef03b9217c751218bd5b47	2026-01-08	chore(imports): standardize imports for `sui-indexer-alt-object-store`	REVIEWED	EXCLUDE_FEATURE		仅标准化 import 排序
93	75fc07e63792ea0a9bb8a03f0d28d50b1332a982	2026-01-08	chore(imports): standardize imports for `sui-indexer-alt-reader`	REVIEWED	EXCLUDE_FEATURE		仅标准化 import 排序
94	978bbcc7d973a588b16265df5f64d1ecb8d0e47a	2026-01-08	chore(imports): standardize imports for `sui-indexer-alt-schema`	REVIEWED	EXCLUDE_FEATURE		仅标准化 import 排序
95	ecae0049caaeb33d2773f625549ca0137637140c	2026-01-08	chore(imports): standardize imports for `sui-indexer-alt`	REVIEWED	EXCLUDE_FEATURE		仅标准化 import 排序
96	ac6149c74c7ff2ce4b5214012008176b68fc4297	2026-01-08	chore(imports): standardize imports for `sui-rpc-resolver`	REVIEWED	EXCLUDE_FEATURE		仅标准化 import 排序
97	46f2ccfa04c520c85db140db4cacfb2e0bd209d2	2026-01-08	Ensure all immutable claims are complete and accurate (#24808)	REVIEWED	EXCLUDE_POST_FORK		只修复第 20 条被排除 feature 新增的 immutable claim 验证
98	334a0a763ad277aba2f3c30626c2bda37c17b033	2026-01-08	[graphql-alt] Add effectsJson and transactionJson fields (#24750)	REVIEWED	EXCLUDE_FEATURE		新增 GraphQL 原始 JSON 字段
99	67473595531afaa00023944c5126d5d3eb4edd7f	2026-01-08	[tidehunter] Use new compactor API (#24083)	REVIEWED	EXCLUDE_FEATURE		迁移 Tidehunter compactor API，未修复基线行为
100	4ad95e4974ff33d2d8773cfb17f923c7bd3484c5	2026-01-08	fix: correct fetch_latest_blocks error label (#24850)	APPLIED	MERGE	fbbfedd1f2bee5d57068baeee530ac720f9279da	修正 latest-block 初始 RPC 失败的错误标签
101	37d5a62455f1402572fd5f7844b8fbfaf630b7c0	2026-01-08	Tweaks to checkpoint summary handling in state sync (#24832)	REVIEWED	EXCLUDE_FEATURE		新增 state-sync lookahead、批量 summary 获取和配置项，属于同步架构/吞吐能力扩展
102	a5ee2b9b736e712dfc917c5226ae1d835c59abd9	2026-01-08	[fix][ptb] Fix typing ordering  (#24848)	REVIEWED	EXCLUDE_POST_FORK		修复由第 75 条被排除的任意位置 TxContext 协议能力引入的类型检查顺序问题
103	ef85bdfcdef1856c278bba13b16fa0c78dce8489	2026-01-08	[chore] fixed warnings in package system  (#24847)	REVIEWED	EXCLUDE_FEATURE		仅调整 package-alt 警告和未使用项，行为不变
104	2769218551599e980acd4a3294ceddb3b2af89b0	2026-01-09	[pkg-alt] Use deterministic dummy addresses (fix for analyzer) (#24845)	APPLIED	MERGE	c0f3899cb3db6239022135ce74d8c0a8eb9311a7	移除全局递增 dummy address，以 pinned dependency 稳定哈希派生地址并稳定 linkage 顺序
105	cd8b36a9f1bf85b73eb7e174f5306d56b643dcc4	2026-01-09	ephemeral pubfiles use absolute paths for local deps (#24853)	APPLIED	MERGE	5c2372b60289db5c716bbce452f1299fb7e777d2	本地/root ephemeral publication key 改用规范化绝对路径，避免跨包目录复用时指错依赖
106	9d31b5b64b7a60d79b162b9f700858361b87c349	2026-01-09	[cli] Add a no-tree-shaking flag to sui move build command (#24844)	REVIEWED	EXCLUDE_FEATURE		新增 CLI 构建选项和 tree-shaking 控制能力
107	5461f7c462f13aa2215119acaf3b68a7b1a3d0cf	2026-01-09	consistency: enable fsync on writes (#24860)	APPLIED	MERGE	77784dc7e6494c5be5c6c9a15095256eae1cbb10	consistent store 的 watermark/restore 写入遗漏同步落盘，崩溃重启可能丢失已确认进度
108	a5a9a55c34c03e66884058388f12e337d5f5946f	2026-01-09	rpc: move lookup_address_balance to be a method on StateReader	REVIEWED	EXCLUDE_FEATURE		为后续 simulate address-balance 支持移动查询 API，纯准备性重构
109	3983c400d96e97633f9348bb2b08c72b0a51ddbd	2026-01-09	transaction: make owner_for_withdrawal public	REVIEWED	EXCLUDE_FEATURE		为后续 simulate 支持扩大 helper 可见性
110	6f8d2268b131f792b108d77b3c1a18b896dd5605	2026-01-09	transaction: introduce a more flexible Command::is_argument_used method	REVIEWED	EXCLUDE_FEATURE		为后续 gas 选择新增通用参数使用查询 API
111	b5c21d33a612205ff581f409caf65526e411ecf9	2026-01-09	transaction: add TransactionDataAPI::expiration_mut method	REVIEWED	EXCLUDE_FEATURE		新增可变 expiration API，供后续 simulate 流程使用
112	7d270de34b60a5c280d88b0a1cb109bb8ac38f64	2026-01-09	simulate: add support for address balances to select_gas	REVIEWED	EXCLUDE_FEATURE		新增 simulate 自动选择 address-balance gas 的能力
113	3e497b2a919fd8f7d001c02dca43ef6c459b9e18	2026-01-09	fix(indexer-alt-framework): Fix client_args not being parsed from CLI (#24823)	APPLIED	MERGE	b9db696fe88111e12c3ed7ccd2ba201e54f694b5	nested Clap flatten 遗漏导致 ingestion client 参数无法从命令行解析
114	ac03ae1b29b6a47ad3c9c71891e8ec5f00329fd2	2026-01-09	[chore][bug fix] fix stackless ops (#24846)	APPLIED	MERGE	8871d89c42779ab845e846268915033f00e22d6a	stackless translator 错把整数位运算结果标成 bool
115	25549eb34d20e1f6ce4727fb2c51cb58b29eda40	2026-01-09	[chore] update Move lock files (#24869)	REVIEWED	EXCLUDE_NON_CODE		仅更新框架 Move.lock 和 ignore 配置
116	9d49203d76ba19b49d89e22520103d6f9e5ea604	2026-01-09	[ptbs] Disable entry signature check (#24835)	REVIEWED	EXCLUDE_FEATURE		通过协议配置改变 entry signature 验证语义并新增版本 107 行为
117	04f721aefa8e6bce86536e783e058542c3a9c72d	2026-01-10	graphql: Apply a "rich query" limit (#24865)	REVIEWED	EXCLUDE_FEATURE		新增 GraphQL rich-query 复杂度限制与 schema 配置
118	9058a90118accc8306ddeb721cf876ec140f5bfb	2026-01-09	resolve: properly resolve FundsWithdrawal arguments (#24873)	REVIEWED	EXCLUDE_POST_FORK		基线 resolver 没有 funds_withdrawal proto 字段；修复依赖第 108-112 条 simulate feature
119	f40b60f3a9d81bd177f1990902d41b71d5e86ffe	2026-01-10	[consensus] improve direct finalization (#24856)	REVIEWED	EXCLUDE_FEATURE		引入协议 108 direct-finalization 行为和大量配置快照
120	14172d3847746cfd243242504a70c8b478fc8f9d	2026-01-11	Do not cancel effects wait on epoch change (#24824)	APPLIED	MERGE	018490cd2bd164a6d21e3fbfa9bdfd7831dfa2f7	effects 通知等待错误绑定 epoch 生命周期，跨 epoch 完成的交易会被取消并超时
121	fcc4d0ae3fd9a7bcae7a29d8d6b4bc7c54f9bf95	2026-01-11	docs: update graphql data-access retention docs (#24784)	REVIEWED	EXCLUDE_NON_CODE		仅修改 GraphQL data-access 文档
122	3d26e488e5df3b9501fe762ec77a5679ae7c86f9	2026-01-11	[sui-tool] Add retry logic and fail-fast behavior to formal snapshot restore (#24864)	APPLIED	MERGE	c368185dcced0cafe3d48ab54dd8b63ef82a8a9a	formal snapshot checkpoint 下载遇瞬时 EOF 不重试，且并行任务失败不能及时返回
123	be31a131a28670c406532729c6a5ccf518a4dcca	2026-01-12	[pkg system] introduce `test-upgrade` command (#24858)	REVIEWED	EXCLUDE_FEATURE		新增 test-upgrade CLI、shell fixtures 和 package workflow
124	d4ddf29251b3d1b0e28bc7049791086af695e706	2026-01-12	remove legacy suins and deepbook indexers (#24884)	REVIEWED	EXCLUDE_FEATURE		删除 legacy indexer 组件，属于产品/仓库清理
125	2b310f2bfb12a14f8be7dfb06ee902a09775c4d7	2026-01-12	[pkg-system] Improve error message when trying to republish (#24859)	APPLIED	MERGE	dbcf9ba84aa3021e401c91e0e146a34ae755f4d3	已发布包被误报为模块地址非零，改为指出 publication 记录及两种修复方式
126	9f4959c9c943eb6891d1f416ce2453bf407a693c	2026-01-12	address-balance: remove Reservation::EntireBalance (#24866)	REVIEWED	EXCLUDE_FEATURE		移除 address-balance API variant 并改变序列化/协议表面
127	20453d8502a6e448d7a77973ad11c42db8be092a	2026-01-12	Add immutable owned input to random transaction workload (#24798)	REVIEWED	EXCLUDE_FEATURE		扩展 benchmark 随机交易 workload
128	1608b2bf6ec2dca91c3c6ba19c9c1fa5f7781d06	2026-01-12	docker: remove suins and deepbook indexers (#24889)	REVIEWED	EXCLUDE_FEATURE		配合第 124 条移除 Docker 中的 legacy indexer
129	61ae43cb483f3eada92e714134e6d56cbcb77db2	2026-01-12	invariant-checks: check type for withdrawals (#24891)	APPLIED	MERGE	b07611f815e2cc28612437680dc2ff7e7854216b	defining-ID invariant 遍历遗漏 withdrawal input 类型
130	622a9bf96a89f4940cb5fdfc7e31425bbb390f1b	2026-01-12	Add alt binary that uses framework for ingestion (#24872)	REVIEWED	EXCLUDE_FEATURE		新增 kvstore-alt ingestion binary、handler 和 Docker image
131	9be31e98a7607bbccc7b41ea3e7c696d6042af94	2026-01-12	[address-balances] merge gas payment accumulator events in temporary_store (#24875)	APPLIED	MERGE	d0445d206e218c95ccbb3de288b34c8af6164e53	同一交易的 gas 与 Move accumulator write 未按对象合并，effects/最终余额可能错误
132	5f1cb54db95fc25cb3a97538951189c77c54f54b	2026-01-12	[pkg-alt] Enable recursive publishing (#24863)	REVIEWED	EXCLUDE_FEATURE		新增递归发布未发布依赖的 package/CLI 能力
133	829f797aa371c9bc1980ba5753b34b4c01034f50	2026-01-12	Partially mitigate cargo deny warnings (#24890)	REVIEWED	EXCLUDE_NON_CODE		仅调整 Cargo.lock 与 deny 配置
134	6970c08ffbaa47e31356dcfad10894d0fe645a27	2026-01-12	address-balance: use TypeTag instead of TypeInput (#24868)	REVIEWED	EXCLUDE_FEATURE		跨 crate 的 TypeInput 到 TypeTag 表示重构，无独立缺陷修复
135	84636e91f09a5764d7ce24c72350796a69b66b74	2026-01-12	Fix documentation for ephemeral publication (#24886)	REVIEWED	EXCLUDE_NON_CODE		仅重写 package manager 文档
136	d7c922e73726d2caeec534362f5abbabccc66e20	2026-01-12	enable address aliases in testnet (#24895)	REVIEWED	EXCLUDE_FEATURE		通过协议 108 在 testnet 启用 address aliases
137	5dc752931b986e56e55a1645d5ada984e0eafdb7	2026-01-12	prevent legacy packages from depending on modern ones (#24893)	APPLIED	MERGE	918ec3d8216d13f191ce2ffb4fe07cd8ed89117e	legacy manifest 直接依赖 modern package 会产生无效解析，现显式拒绝并给出迁移链接
138	84ae728bdc5b6c096fb8ee802f96e0ebc4f32025	2026-01-12	Do not depend on old accumulator objects (#24721)	APPLIED	MERGE	7647f416fee43c299d02d17cda5cc9d8edd7b8b7	eager scheduler 读取可能已被 prune 的旧 accumulator object；改为原子读取最新余额/版本并按版本结算
139	c68433e1e63da679e8834496333c798c0ecaf7a7	2026-01-12	Clean up address balance test code to make tests more concise (#24897)	REVIEWED	EXCLUDE_NON_CODE		仅重构 address-balance 测试 helper 与 fixtures
140	70d760ea24c5f113aa35248bd1361c1c4362ddd5	2026-01-13	[consensus] improve protocol config in tests (#24899)	REVIEWED	EXCLUDE_NON_CODE		仅改进测试环境 protocol config 注入与测试辅助 API
141	529897211a427354e1a9f7359b995022679c25c7	2026-01-12	add update-all command to sparse-checkout.py (#24904)	REVIEWED	EXCLUDE_FEATURE		为开发脚本新增 update-all 命令
142	2c3a24d4124c2005a2ca8891ca4c2b824037a6ba	2026-01-12	Return address balance specific balances in json rpc (#24901)	REVIEWED	EXCLUDE_FEATURE		扩展 JSON-RPC coin balance 返回 address-balance 明细
143	cdcfcfe09c402358e1f53655c47b2b3347c9dab8	2026-01-12	[move-stdlib] Checked arithmetic functions (#24834)	REVIEWED	EXCLUDE_FEATURE		为 Move stdlib 新增 checked arithmetic API 和已编译 framework
144	0a2fc7fee1c27112813dbb14e07011a5b49907c5	2026-01-13	Add `settled_fund_value` API (#24692)	REVIEWED	EXCLUDE_FEATURE		新增 accumulator/balance settled fund 查询 API
145	4db95c858f215c39918b4dcad8d660c11e40524f	2026-01-13	Enable poseidon on mainnet (#24879)	REVIEWED	EXCLUDE_FEATURE		协议 108 主网 feature gate 变更
146	57ec9220318e5a8b413d8163367f48d74e7fcb44	2026-01-13	Fix unit test note to reference #[random_test] (#24908)	APPLIED	MERGE	bc090924850ecf5b2dd6b924ac5780a25f0294b2	Move compiler 用户提示引用不存在的 #[rand_test]，改为实际属性 #[random_test]
147	b46e479c54b667b1ebc0349b7eff5aba64ab3ac9	2026-01-13	[graphql-alt] Add TransactionEffect BalanceChangeJson field (#24836)	REVIEWED	EXCLUDE_FEATURE		新增 GraphQL BalanceChangeJson 字段、pipeline 与 schema
148	e91b58652a326939400c9ec801e3e32212d8d982	2026-01-13	[benchmark] add composite workload for exercising heterogeneous transaction types (#24885)	REVIEWED	EXCLUDE_FEATURE		新增 2000 余行 composite benchmark workload
149	2ddbe44f8e518e6b16ca57bdc776630ab5390fe3	2026-01-13	Cache txn digest -> executed effects directly (#23022)	REVIEWED	EXCLUDE_FEATURE		缓存重设计在第 198 条因潜在 state-sync 问题被完整回滚，固定头不保留该实现
150	b86c475b42187baea159d6ae03240edb9518d955	2026-01-13	 graphql: expose FundsWithdrawal PTB inputs (#24876)	REVIEWED	EXCLUDE_FEATURE		新增 GraphQL FundsWithdrawal PTB input 类型与字段
151	6406a2f3df5ba791412cdb62ddeeb9c6c61944bb	2026-01-13	Add default of 0 for funds_in_address_balance (#24913)	REVIEWED	EXCLUDE_POST_FORK		fork 基线与 RTD 均无 funds_in_address_balance 字段；该默认值只修复 fork 后 address-balance API
152	9b836a6fdfed0c3784ad7741fc85b913e62787c9	2026-01-13	[benchmark] add gas w/ address balances to composite probabalistic workload (#24910)	REVIEWED	EXCLUDE_FEATURE		扩展 composite benchmark 的 address-balance gas workload
153	6a634e7ee9a4addd5d1f4a8ad32b0c2a4d7ec971	2026-01-13	[consensus] improve randomized tests (#24892)	REVIEWED	EXCLUDE_NON_CODE		仅重组并扩展 consensus randomized test fixture 与覆盖率
154	edd3690ddd10aaada3613dd18bfa1d008a2ef736	2026-01-13	[benchmark] add composite workload to antithesis (#24917)	REVIEWED	EXCLUDE_FEATURE		为 Antithesis 压测接入 composite workload
155	9346405a6b45d232f73d2ec050846fe9aa5081be	2026-01-13	chore: update rust-sdk (#24919)	REVIEWED	EXCLUDE_NON_CODE		仅更新 Rust SDK 依赖版本与 Cargo.lock
156	bed2644429fe05bb48cfb66d0bbe514674d75edb	2026-01-13	BCS pipeline (#24915)	REVIEWED	EXCLUDE_FEATURE		新增 checkpoint BCS 输出 pipeline 与 handler
157	a7a8a90335a7166b62112dd2cb0e7bb6709e37e5	2026-01-13	Include user signatures in proto conversion (#24924)	APPLIED	MERGE	cb5d15edbdc6fddc5824b0c9009f5aa8bc2b3dda	proto checkpoint 转换遗漏基线 contents 中的用户签名，已按交易恢复 signatures
158	7655a4afbc5238ebc8dcdd70bddfbcd46a8bd9ef	2026-01-13	Deepbook Docs Update (#24842)	REVIEWED	EXCLUDE_NON_CODE		仅大规模更新 DeepBook 文档
159	77808071d9eff1987cf2f2b375d9001ce94a3929	2026-01-13	[consistent-store] Index address balances (#24713)	REVIEWED	EXCLUDE_FEATURE		新增 consistent-store address-balance schema、handler、RPC 与测试
160	1f8f34d78116bb8805943a2486726dd46d9a86fa	2026-01-14	Check congestion mode in consensus handler so that epoch store can still be constructed for replay purposes (#24927)	APPLIED	MERGE	f9bc619ccb0701c755a7add870ca5ae751d81f71	将 validator-only congestion mode 断言移到 consensus handler，使 replay 可构造历史 epoch store
161	a52d72653a184f7c5d6e145b6b587cd6d61efada	2026-01-14	[static ptb] Automatically convert compatibility withdrawals to coins  (#24509)	REVIEWED	EXCLUDE_FEATURE		新增协议配置及 static PTB compatibility withdrawal 自动转 coin 语义
162	104d1713d3ac46776720ff9aade3c32bb6ffacca	2026-01-14	Offboarding Ambrus AWS auth provider support (#24928)	REVIEWED	EXCLUDE_FEATURE		移除特定 AWS auth provider 支持，属于产品清理
163	b87a27391cea27bf737799f1f35abaeb044a6677	2026-01-13	[indexer-alt] support address balance changes in tx_balance_changes (#24668)	REVIEWED	EXCLUDE_FEATURE		扩展 indexer/GraphQL transaction balance changes 的 address-balance 表示
164	d82f04c05779a10d63c64606dc35524b85c1c50c	2026-01-14	[prettier] bugfixes - format on save + tree-sitter nits (#24882)	APPLIED	MERGE	41a9f1ec389d074c402fa9f82ec8e4315140191f	按 document URI 路由并发 formatter 响应，并更新已移植 spec 语法所需 WASM；排除 changelog churn
165	466f4fc6f157cd2e60acff22679a16b97e5d49a4	2026-01-14	[pkg-alt] more testing (#24839)	REVIEWED	EXCLUDE_NON_CODE		仅新增 package-alt shell fixtures 与快照测试
166	fb5b0e3155130277c0169ec5c15b8c918fdf13f2	2026-01-14	display: option auto-dereference	REVIEWED	EXCLUDE_FEATURE		新增 Display v2 Option 自动解引用行为并重构 visitor
167	f899a9f704ed1986f190d0a7286d5defcba8dfdd	2026-01-14	display: track offset for invalid number errors	REVIEWED	EXCLUDE_FEATURE		扩展 Display v2 数字诊断的 offset 元数据
168	784876d99a967a9c70c30004b7dd0adbda125799	2026-01-14	display: source offset for vector type mismatch errors	REVIEWED	EXCLUDE_FEATURE		扩展 Display v2 vector 类型诊断的 source offset
169	7bda8da05e70ee7eaa12a5ed95b747df33b9ebcd	2026-01-14	display: expression offset for invalid transform error	REVIEWED	EXCLUDE_FEATURE		扩展 Display v2 transform 诊断的 expression offset
170	325d8c08dd050a2f354440755572b6dcf2896449	2026-01-14	display: evaluate expressions concurrently	REVIEWED	EXCLUDE_FEATURE		将 Display v2 expression evaluation 改为并发执行，属于性能/架构变化
171	187827ff7ef4264a0ca24d90907baaeaf0392998	2026-01-14	display: errors mention 'byte offset'	REVIEWED	EXCLUDE_FEATURE		仅统一 Display v2 错误文案为 byte offset
172	799d6c7ad9af9f72b5176cc3fed92afb54dade5b	2026-01-14	refactor(display): factor formatting out of interpreter	REVIEWED	EXCLUDE_FEATURE		Display v2 interpreter/writer 格式化职责重构
173	ca7450b50abcafce6813423960d2aab3090fd0f6	2026-01-14	refactor(display): Interpreter caches dynamically loaded objects	REVIEWED	EXCLUDE_FEATURE		Display v2 动态对象缓存与 interpreter 架构重构
174	87bf932e2598a70714b25afacc2f2bcb66c81b08	2026-01-14	display: Extract entrypoint	REVIEWED	EXCLUDE_FEATURE		抽取 Display v2 对外 entrypoint 并大幅调整 parser/interpreter API
175	14c69fc55f0da663dc3367e174954208daf3837b	2026-01-14	fix: duplicate redirect (#24936)	REVIEWED	EXCLUDE_NON_CODE		仅删除文档站点重复 redirect
176	953b84a7499f8a1eaccdfd3b7310f744c74bfbdd	2026-01-14	chore(display): clean-up imports	REVIEWED	EXCLUDE_FEATURE		仅整理 Display v2 imports，行为不变
177	b9333a7ffa17cfdc8adad83422e2fdda2d725d16	2026-01-14	chore(display): lock down visibility	REVIEWED	EXCLUDE_FEATURE		收窄 Display v1/v2 可见性，属于 API 清理
178	04054415f829259367488b1660415f5e7a9d6b90	2026-01-14	chore(graphql): lock down visibility	REVIEWED	EXCLUDE_FEATURE		收窄 GraphQL available-range 可见性，行为不变
179	3a4df1c484b691b9532251c7327664a406ec1037	2026-01-14	reduce public interface to package-alt (#24912)	REVIEWED	EXCLUDE_FEATURE		跨 73 个文件收窄 package-alt 公共接口并删除旧 CLI/API
180	3f64069c90c93a4e0c2706aa53e38b6f67d76926	2026-01-14	Add link to the package user guide from the package concepts page (#24920)	REVIEWED	EXCLUDE_NON_CODE		仅更新 package concepts 文档链接
181	b6d4c88210ea3fb5bee7cc2fef61845cbaef5b72	2026-01-14	Update Deepbook Docs (#24942)	REVIEWED	EXCLUDE_NON_CODE		仅修订 DeepBook 文档
182	4ef2f5938319519f5e63ce36e3a7123811dd9f2e	2026-01-14	graphql: Display v2 configs	REVIEWED	EXCLUDE_FEATURE		新增 GraphQL Display v2 service 配置与 schema
183	4a60a766248de03d821e26e77b0b7442367e434d	2026-01-14	graphql: MoveValue.extract	REVIEWED	EXCLUDE_FEATURE		新增 GraphQL MoveValue.extract API 与 schema
184	5a7dc69651f49e077f002f49a96285a295bd2ee8	2026-01-14	chore(display): clean-up stale allow directives	REVIEWED	EXCLUDE_FEATURE		仅清理 Display v2 stale allow 与 dead code
185	93cbd068496087e65a7cb889e0dd47cc50d878d5	2026-01-14	refactor(graphql): Support MoveType built from MoveTypeLayout	REVIEWED	EXCLUDE_FEATURE		重构 GraphQL MoveType 构造以支持 MoveTypeLayout
186	181061e70a41d25b5cf54d7b20878e527ac09a4f	2026-01-14	Add jitter to watermark interval (#24925)	REVIEWED	EXCLUDE_FEATURE		为多个 indexer watermark 周期新增 jitter 配置和随机延迟
187	5ac57332ad5b61e03fd93223a366ee151f377ed1	2026-01-14	[cleanup][move-transactional-tests] Make `VMConfig` part of the simple test harness (#24933)	REVIEWED	EXCLUDE_NON_CODE		仅重构 Move transactional test harness 的 VMConfig 传递
188	553cbc8f7aea7362753907e2bdcb9d4618839543	2026-01-14	Fix s3 conditional puts (#24949)	APPLIED	MERGE	e2f4d3df7fe0254cbbf30ac99636a6362e28f77a	checkpoint blob indexer 的 S3 store 未启用 ETagMatch conditional put，已补齐
189	9efb981eb5df18f2e3b66e3cb9ae32cace0680b5	2026-01-14	graphql: MoveValue.asAddress	REVIEWED	EXCLUDE_FEATURE		新增 GraphQL MoveValue.asAddress API 并扩展对象 schema
190	923569a860d98b41199b2c77f8b26732f90fa658	2026-01-14	Margin contract docs (#24946)	REVIEWED	EXCLUDE_NON_CODE		仅新增 margin contract 文档
191	68e8eb95a3887e0db227618f0ad71e11992e07ed	2026-01-15	display: entrypoint for dynamic field names	REVIEWED	EXCLUDE_FEATURE		新增 Display v2 dynamic-field-name entrypoint
192	885aa3f518cc15b11978c83dbe8f6ece51bddf08	2026-01-15	graphql: Display field name literals	REVIEWED	EXCLUDE_FEATURE		新增 GraphQL Display dynamic field literal 支持
193	ce7d1249190607aebd6c091dabf01c5917317961	2026-01-15	refactor(display): decouple Display v2 from VecMap	REVIEWED	EXCLUDE_FEATURE		Display v2 与 VecMap 解耦重构
194	e8fa322bc11364b10c9fffa35273eeb980bfd691	2026-01-15	refactor(graphql): generalize move_value::path_error	REVIEWED	EXCLUDE_FEATURE		泛化 GraphQL MoveValue path_error helper
195	427c62a7348dc60e1c814c0b8419f18974e1404d	2026-01-15	refactor(display): Rename Format to Display	REVIEWED	EXCLUDE_FEATURE		Display v2 纯命名重构
196	d7b6c822eeb1a3406122e250cfd8fac271f7fe0c	2026-01-15	display: entrypoint for individual format strings	REVIEWED	EXCLUDE_FEATURE		新增 Display v2 单独 format string entrypoint
197	b0346200c8d2f4156286d97c60fca8021d8e2a41	2026-01-15	graphql: MoveValue.format	REVIEWED	EXCLUDE_FEATURE		新增 GraphQL MoveValue.format API 与 schema
198	6b0439b7bd0d8813210e51c6c71bd7aa3044a52e	2026-01-14	Revert "Cache txn digest -> executed effects directly" (#24954)	REVIEWED	EXCLUDE_POST_FORK		完整回滚第 149 条已排除的 fork 后缓存重设计，本地无需再应用
199	f205eb2a43fa368d5920549cf0842d7c79467b44	2026-01-15	Fix object scheduler bug by reading exact versions (#24955)	APPLIED	MERGE	4f4b06a57ef4704acb51813039ad5c2b0ff82147	object funds scheduler 错读最新余额；已按 assigned accumulator version 精确读取
200	4b9fd343b9cf6614c3574550739cf1c2d99b072f	2026-01-15	graphql: Infer types for pure PTB call args	REVIEWED	EXCLUDE_FEATURE		扩展 GraphQL pure PTB input 的类型推断与 schema
201	1cf6b6fea5169fe88dff10c53f1c09dae2a51be5	2026-01-15	chore(graphql): order impls of Epoch fields	UNREVIEWED			
202	50ed91eaa262efa799b88541156de4aac5af3c72	2026-01-15	graphql: Epoch, Validator, ValidatorSet refactor to expose MoveValue	UNREVIEWED			
203	f16f7dd58fa9bbb3fd7fed81e39c389469c90d2f	2026-01-15	move(visitor): visitor_default! macro	UNREVIEWED			
204	14f4948dc18bcefd3a4a542b1e2d3bdac30535a7	2026-01-15	graphql: allow seeking ahead of checkpoint viewed at	UNREVIEWED			
205	bbcf2dda050efb5b22280a8239246fd8790b44a4	2026-01-15	graphql: checkpoint bounded root objects in Scope	UNREVIEWED			
206	22028a50b477001af55c1a52b212b9616df63381	2026-01-15	docs(graphql): Explain the concept of scopes for GraphQL	UNREVIEWED			
207	91cff4996b61defb4043770be7c4d8d2f3093041	2026-01-15	sui-indexer-alt-graphql: consolidate response logs, add pid to query logs (#24751)	UNREVIEWED			
208	c22d01d8df9c87e1a69bb8cce85dfc9eceb03a57	2026-01-15	graphql(suins): Query.nameRecord	UNREVIEWED			
209	687fedd1448a4f2fc980deeb22b4980f6e98d779	2026-01-15	graphql(suins): IAddressable.defaultNameRecord	UNREVIEWED			
210	a90319cc4c2d857b91dc04a9362ad116a702b2e3	2026-01-15	graphql(suins): remove deprecated SuiNS integration	UNREVIEWED			
211	5b1116d82181a2efe66859548a10d6abea1418b3	2026-01-15	graphql(suins): Add (back) support for fetching `Address` by SuiNS Name	UNREVIEWED			
212	bc42b853d2e958f2a9de2f382e72197b3460b320	2026-01-15	graphql: partial errors for Display-related fields	UNREVIEWED			
213	0ca816aea3b14d0a8ff20b4e1ed1b4ca8e17f7fd	2026-01-15	[bench] fix stress test in antithesis (#24948)	UNREVIEWED			
214	86d57439b7177fa859bbbacce9ce4ff32ce8af2c	2026-01-15	[bench] fix & prevent incorrect transactions; add reachability assert (#24956)	UNREVIEWED			
215	ce2327583894bc2ac66b3e9522d16df01b746c3a	2026-01-15	cli args for ingestion concurrency (#24961)	UNREVIEWED			
216	5328c8890193d199a6e4923b4f4c409fcfe7d2d4	2026-01-15	fix url bug (#24962)	UNREVIEWED			
217	960c0309d4725926b4f37b6fc2128c2d4dba84a7	2026-01-15	[consensus] add RandomDag and RandomDagIterator for testing commit logic (#24929)	UNREVIEWED			
218	e53af3f671e63acb904bbeddbba14a30fad84403	2026-01-15	docs: Dissolve "Sui Essentials" and "Advanced" categories (#24944)	UNREVIEWED			
219	7f5cfbcae442ab49e670f252f8d3640eabe8a071	2026-01-15	increase concurrency (#24967)	UNREVIEWED			
220	0c7598a55b29ab2c6a9736dd621d06a578fa0c66	2026-01-15	No default checkpoint bucket (#24968)	UNREVIEWED			
221	1a5392e9585045144756c3ebc5d39b5d4929d34b	2026-01-15	[move] Run bytecode verifier transactional tests with the new regex reference safety verifier (#24952)	UNREVIEWED			
222	4f8cc20b42184fc4374c6d5ba95f6a3c29400c97	2026-01-16	Enable address balances on testnet (#24966)	UNREVIEWED			
223	ba82dea7ed2d99eda8443ae8f6fb85a7e9d752c7	2026-01-16	Sui v1.64.0 Framework Bytecode snapshot (#24971)	UNREVIEWED			
224	234a515f0baef37bde9f4e1153ba3ad3f17696b0	2026-01-15	Sui v1.65.0 Version Bump (#24972)	UNREVIEWED			
225	407cbaa3c4af698d30a29cbff6c3e2d4ac5c9876	2026-01-16	chore(common): fix ExponentialBackoff default backoff test (#24861)	UNREVIEWED			
226	76deb4dedbf6294b1e2c355ae722259eeea9c580	2026-01-16	fix(framework): correct documentation typos in Move stdlib and sui-framework (#24976)	UNREVIEWED			
227	4ba6c1fe30a78be877812cf6619f4a2534cd496d	2026-01-16	[tree-sitter, prettier] adds support for string literal (#24937)	UNREVIEWED			
228	7023691f77fe5c907a3d1f0ceb4b52da81483e3c	2026-01-16	fix(docs): remove duplicate section on "Scope" (#24982)	UNREVIEWED			
229	40781b6b3964485643a8be1fba5315669bdccd38	2026-01-16	Fix object fund withdraw settle ahead of schedule issues (#24973)	UNREVIEWED			
230	a2c77229e1cb8a3ce19224e17c90c12243cd38ac	2026-01-16	jsonrpc: add index to track existence of address balance for a coin type (#24981)	UNREVIEWED			
231	3fed97cfbc8e4200d65b76f7a4bb12f2a2978e14	2026-01-16	Enable composite workload in simtest; add reachable assertions (#24975)	UNREVIEWED			
232	86d962b74f4b52334d6e3223bd5b902e3340827d	2026-01-16	app-profile-id flag (#24985)	UNREVIEWED			
233	880a4416a33e8a022e3db6c3f0492010de5b525c	2026-01-16	chore: release notes script always looks up PRs. (#24987)	UNREVIEWED			
234	7804324fa09211164ba7782e4223820acab999a0	2026-01-16	chore: update rust sdk (#24993)	UNREVIEWED			
235	564acd701771934d016ac0c270d44dc41a8624f6	2026-01-16	[move-stdlib] saturating arithmetic  (#24907)	UNREVIEWED			
236	71e4cf0204cb7d94c470c3439c5a80ec493ff657	2026-01-16	Remove accumulator metadata system (#24988)	UNREVIEWED			
237	5e856378b0876fc31353a43078b61d7d8c4c02a9	2026-01-16	Deleting sui-data-ingestion crate (#24970)	UNREVIEWED			
238	83d88d58017d0b2055ee3494709d2864cba6005c	2026-01-16	Remove sui-data-ingestion from builds (#24995)	UNREVIEWED			
239	daf526c69a3bf5954f08ef8b1b9c9eb431faee00	2026-01-16	Deleting legacy kv indexer binary (#24994)	UNREVIEWED			
240	c26bcfa7f0091b6fef103076aea0c1a39dcb2870	2026-01-16	Refactor release notes workflow to use shared Python script (#24989)	UNREVIEWED			
241	7ebaecc69bb590916863234c5056bfbe20f3fe64	2026-01-16	Fix React Router XSS vulnerability (GHSA-2w69-qvjg-hvjx) (#24996)	UNREVIEWED			
242	658ff31cf95c78106d6760b1a3791314b6e593ae	2026-01-17	[chore] use prettier-plugin-move 0.3.5 (#24978)	UNREVIEWED			
243	3ae6da3a39b3110783197ff2236ccbf56ee48005	2026-01-17	snapshots: fix 108 to match 1.64 release branch (#25005)	UNREVIEWED			
244	18ee88642f6e209d2cfdecd95d315ff2d6239a80	2026-01-18	Restore the environment variable to enable write sync (#24974)	UNREVIEWED			
245	5f8ef44b9be4f74802ffff7692660468853b1460	2026-01-19	[pkg-system] fix `--json` outputs (#24979)	UNREVIEWED			
246	efa995b281d1915708718b32bea7aac4807603e6	2026-01-19	Increase wait_for_effects delay in antithesis (#25013)	UNREVIEWED			
247	dbab11d24553b13829a949f6f181729b1eb705d8	2026-01-19	clean up duplicated arg (#25015)	UNREVIEWED			
248	ff5565a288498fa116c1113cf1c1d2ced4aa5284	2026-01-19	Expose address balances from consistent service up through graphql (#24963)	UNREVIEWED			
249	b135ad3d47f72fe4be16a0e48cb71460e7c8bc90	2026-01-20	Deepbook Risk Ratio Docs (#25018)	UNREVIEWED			
250	774bd6baf7e63e2eb1f789cd987a5dd90bafd334	2026-01-20	tonic_network: return error on invalid uri (#25020)	UNREVIEWED			
251	cc8e624a969eed2066ff5f25c64c42a34143b0a6	2026-01-20	docs: fix gRPC links (#25021)	UNREVIEWED			
252	13526d01efc12a8ad81139bbd91819a2588d2abd	2026-01-20	docs: document GraphQL's rich queries (#24997)	UNREVIEWED			
253	0daee96fca471ccd79066774a7704aa23b5e215c	2026-01-20	get_balance: fix parsing of shortened addresses (#25023)	UNREVIEWED			
254	38a599ee10c9d4bf64fd46e833e3905909da8a05	2026-01-20	fix: link to sui-node binary (#25028)	UNREVIEWED			
255	75d51d379d4d9ff7aafb5dcc7c1f7e48d4501186	2026-01-20	Migrate checkpoint bucket ingestion to proto files (#24066)	UNREVIEWED			
256	9d4852537704b736c1f616f4f4e71b9acb1cd09e	2026-01-20	Added some tests for package-alt (#24950)	UNREVIEWED			
257	8da01e61297bcca2e0eca8e8e201c330ba78a524	2026-01-20	Add EndpointManager for peer address updates (#24862)	UNREVIEWED			
258	5ce2a8c246577d36160e296d6051c8f5e59f93b4	2026-01-20	[sui-e2e-tests] Change some assert!(..is_ok()` and `assert!(..is_err(……))` to equivalent unwraps (#24992)	UNREVIEWED			
259	d810229ce9a9873cd7bd16fe4abc1fdfb8748ce7	2026-01-20	typo(sui-json-rpc-api): fix typos and redundant text in API docs (#25008)	UNREVIEWED			
260	7cee6921a0b6eeef7c4f59b233077cea7cad3918	2026-01-21	fix: pg_isready error message (#25014)	UNREVIEWED			
261	202e691eb17139ed1bbf4f6b5f541b14a466baeb	2026-01-21	futures: Avoid join_all allocation in Service shutdown (#25006)	UNREVIEWED			
262	cbd9ca723334eb7865414c0a4e17c2a58ee74104	2026-01-21	docs: add Solana to Sui concepts doc (#24867)	UNREVIEWED			
263	dfc263983872976a788ce4bd5b914e196403d17d	2026-01-21	Deepbook: Supply referral and indexer docs (#25034)	UNREVIEWED			
264	b7b62b3458932d88f9cd0666372eb0c82ceef164	2026-01-21	docs: Add contract addresses to Oracles doc (#25035)	UNREVIEWED			
265	e082c0b99d4b4bb77e50417f053aee96e6cf6f2d	2026-01-21	Fix --sender flag ignored in publish/upgrade commands (#25016)	UNREVIEWED			
266	467f66f14f1d31a5bb89e9e6e2cec8fac499259a	2026-01-21	[cli] Fix sender to be correctly used in other commands (#25038)	UNREVIEWED			
267	3ecb18a9ce7937b375a24291bc7cc48579ba4085	2026-01-21	[move-stlib] More tests for add/mul (#25002)	UNREVIEWED			
268	e0924aea76937b51e3a992692cc49097b276b051	2026-01-21	fix: remove duplicate stack size tiers at 11500 (#25039)	UNREVIEWED			
269	25dcf800ab47ad66955651f9873dc0a1d9711c40	2026-01-21	[sui-node] Add enable-db-sync-to-disk config option to NodeConfig (#25040)	UNREVIEWED			
270	ee95d280bd54ba78b374d3a787ddd6edd586266c	2026-01-21	[antithesis] enable fsync for validators (#25045)	UNREVIEWED			
271	90015b3a0915ec09b947124527d859b04ca57cb4	2026-01-21	indexer-alt: support remote ingestion from object store (#24991)	UNREVIEWED			
272	6a5302a4494f7e1b16ec3ac6c855bed45ac7de2b	2026-01-21	[move-stlib] Checked and lossless helpers for << and >> (#25003)	UNREVIEWED			
273	092c2389c385716a05c7a0e6fe6e02bf77f398e2	2026-01-21	[move-compiler] fix borrow checker invariant violation (#25000)	UNREVIEWED			
274	5611559cad0db99ed844b6ad22356e2bf7b3f5d3	2026-01-21	chore(deps): remove use of unmaintained rustls-pemfile (#24841)	UNREVIEWED			
275	d5245e982aa37ca859b16bdc3e4dfa1a7096caa3	2026-01-21	indexer-alt: clarify --help for --reader-interval-ms (#25047)	UNREVIEWED			
276	e1ea6dc460edbd0262cc2547b12b336e36b8b8bb	2026-01-21	Track graphql error count by error code, and track number of graphql requests erroring out (#25049)	UNREVIEWED			
277	1a27af4bf7ea29b0058c4d5b19ccc98f963f9b2e	2026-01-22	Report consistent service health status as NOT_SERVING until snapshots are available (#25029)	UNREVIEWED			
278	225b8f649239cd78483da3ad161587be88b995bc	2026-01-22	Deepbook: Interest rate docs (#25058)	UNREVIEWED			
279	8db97abc750aef0fe608f90f6f2b0cda3c012b14	2026-01-22	add alias versions to signed_data_cache key (#25061)	UNREVIEWED			
280	83cf75b74f6ff5e62995a32eeacb2fc0484235a9	2026-01-22	[chore] bump to Rust 1.92.0  (#25031)	UNREVIEWED			
281	402f5f6d8ff1e418444d7edef1529f9f496fc195	2026-01-22	sui-bridge-indexer: remove old bridge indexer (#25042)	UNREVIEWED			
282	a7db92712e066fed63fe30abe8d5e2e8396a3c28	2026-01-22	chore: re-export sui_rpc crates from sui_sdk (#25065)	UNREVIEWED			
283	ccf2f12b3218df41158f03a23b17572583670a1b	2026-01-22	[indexer-alt] Quick highlight of storage requirements for 30 and 90d retention  (#25067)	UNREVIEWED			
284	9ca39edb3f3cc6ec24ac2ea141c66ae909e1be31	2026-01-22	Add reachability and sometimes assertion tracking for simtests (#25054)	UNREVIEWED			
285	dd63bebe97e5df1c3f57117dd87d42f5d0113707	2026-01-22	[move-stdlib] Added type_name::datatype_string. Added enum tests (#25032)	UNREVIEWED			
286	df6a549300639eae9b6bf6d8cd703bc6a6543b1f	2026-01-22	typo: fix some typos (#25053)	UNREVIEWED			
287	91a76f9adcac69a3743c8d09d098fecc368e98f6	2026-01-23	fix(sui-pg-db): missing CryptoProvider (#25071)	UNREVIEWED			
288	03f60599a5719ba1677272de85f956205ed42de6	2026-01-23	[move][move-compiler] Fix module name resolution crash, plus replace several unwraps with expect in the compiler (#24969)	UNREVIEWED			
289	2a6355cfaaf80eca29ff933965043df8d389c3e8	2026-01-23	[move][move-compiler] Arc `ModuleIdent` inside of type names to reduce AST sizes (#24693)	UNREVIEWED			
290	889cc95c1d5a6a410c63419dd7f6f6e3ee6cc249	2026-01-23	chore: enable mainnet for custom nonzero pcrs parsing (#24957)	UNREVIEWED			
291	abda60e4466e4434c6dcf8e1a518206b9c9db3ad	2026-01-22	simtest workload improvements (#24999)	UNREVIEWED			
292	40bc0815ff9f172431e50944aef3901a8a6759a7	2026-01-23	[tidehunter] disable objects compactor for full nodes (#25055)	UNREVIEWED			
293	1e1c68e3059b9fd46b1d57fa9b6af49510627d14	2026-01-23	[light-client] authenticated events client (#24226)	UNREVIEWED			
294	0c86987daf3f7e08218eab0bc533acc88482fd10	2026-01-23	docs: misc batch update 01/22/2026 (#25070)	UNREVIEWED			
295	7542bf36651141e27a2124ad362d4f98073fbbc4	2026-01-23	Deepbook docs interest rate updates (#25075)	UNREVIEWED			
296	e58b99f6ff34245ce9c12838576a46210b4c1640	2026-01-23	[move-ide] Temporary crash remedy (#25078)	UNREVIEWED			
297	b60d42df6f0f377c9717147cf5406db2420bcefa	2026-01-23	grpc: enforce limits on max batch size (#25062)	UNREVIEWED			
298	a08ac240a3cd5fc2b85561fa65d4c36b6fa1e680	2026-01-23	[consensus] fix randomized dag tests (#25033)	UNREVIEWED			
299	d5273f5c9f59630347ba8be70aa5c7649025d15f	2026-01-23	[claude] claude skill for release branch cherry picks (#25077)	UNREVIEWED			
300	c369fcf58b8a0fb1aa4150b1cee9a89e5ba9e060	2026-01-23	Retry all transaction submissions for at least 60 seconds (#25083)	UNREVIEWED			
301	6e075200356bfefd756ca70e91bcc545c0c2cf24	2026-01-26	[core] split checkpoints in consensus handler (#24736)	UNREVIEWED			
302	0b653b5485fb62c552c63df9b0012db388df99b8	2026-01-26	[light-clients] docs: authenticated events (#24659)	UNREVIEWED			
303	43552a1806a16162b9997607e9187b772b3d6bf3	2026-01-26	[config] Shift around where we set some values (#25100)	UNREVIEWED			
304	24765181a39f35f39b206f50abd144a938b6d109	2026-01-26	[state-sync] adaptive timeouts and throughput-based peer selection (#24894)	UNREVIEWED			
305	8b38457ce18291909559624268b5c1d89639d24f	2026-01-26	[sui-indexer-alt-e2e-tests][chore] Bump protocol versions to 108 in tests (#25080)	UNREVIEWED			
306	7eb0585f6e0311734aa1892ed828cebeb380930c	2026-01-26	fix(sui-http): use explicit rustls::CryptoProvider (#25106)	UNREVIEWED			
307	dabad4a4a49e1fbedadd8138efef8393af7971db	2026-01-26	[sui-indexer-alt] Update a couple more snaps (#25111)	UNREVIEWED			
308	67a6ae48d8ec7329dd745f9b5b12587a8aa13799	2026-01-26	consistent-store add address-balances to restorer (#25107)	UNREVIEWED			
309	e59d192e74d2ec990226bad8cf86fc76ac272073	2026-01-26	Fix `build_custom_clients` to accept genesis committee directly (#25104)	UNREVIEWED			
310	94e89cd40b5c510938e9f6f606069ca7dbc2c49f	2026-01-26	[transaction] validate transaction serialization (#25081)	UNREVIEWED			
311	77bebabad10235cc1e2e19af0eaca83a29092246	2026-01-27	Fix rare edge case in crash recovery (#24998)	UNREVIEWED			
312	7c1258d5601fddeedc568bfc8c043dc4075c1114	2026-01-27	temporarily disable `cfg.feature_flags.split_checkpoints_in_consensus_handler` while debugging (#25118)	UNREVIEWED			
313	5be086186cf4fcb7c0b78a481660fee861107536	2026-01-26	[GraphQL] wrap metrics around ledger grpc reader (#25026)	UNREVIEWED			
314	893c5d608a580e8c8529ec6c0aeab21c7dec0399	2026-01-27	[chore] update fastcrypto (#25112)	UNREVIEWED			
315	d6fe2dac30d656113799097fee2ea682a2a562c5	2026-01-27	Improvements to composite workload to trigger insufficient balance condition in scheduler (#25072)	UNREVIEWED			
316	7fa05c78eee66a0728b5393d51b9365146223fdf	2026-01-27	add update-endpoint route to admin server (#25036)	UNREVIEWED			
317	786d4fd90885d27f0a58c83278e53f8d669ff976	2026-01-27	seed-search.py fixes (#25125)	UNREVIEWED			
318	0f7eeb3e792ff41c3ded9389dad10ced43e41872	2026-01-27	docs: Fix dev newsletter link (#25128)	UNREVIEWED			
319	7b9b4490083c68b03635548cc010d20720139164	2026-01-27	[Docs] Updated Payment Kit URI Guidelines (#25131)	UNREVIEWED			
320	6b184327bf55658f18776d1353cd0f98a92f920d	2026-01-27	sdk: add grpc client to WallectContext	UNREVIEWED			
321	9362a131d6fb91b93a453c475ce9749fe9796a87	2026-01-27	grpc-client: add get_chain_identifier method	UNREVIEWED			
322	4de846eb9b1f7fed2904af7c4d47f748df6ac113	2026-01-27	sdk: convert chain_id fetching methods to use grpc	UNREVIEWED			
323	b7a2c6f6c50b9c57c0a9e757a05c1e74137aaf22	2026-01-27	sdk: convert WalletContext::get_object_ref to grpc	UNREVIEWED			
324	a0297df1b4b7c62afa9af4139f237e85de10be83	2026-01-27	sdk: convert WalletContext::get_full_object_ref to grpc	UNREVIEWED			
325	0699947d3c5f79f7cf8a393d35d4bd82c7550f51	2026-01-27	sdk: convert WalletContext::get_object_owner to grpc	UNREVIEWED			
326	6bd300efa764d0a46cf76d38e1a6a28879db8415	2026-01-27	grpc-client: add get_owned_objects method	UNREVIEWED			
327	41bdda0d4fe71edc1a0e19dbf502706faa5ddec1	2026-01-27	sdk: convert WalletContext::get_gas_objects_owned_by_address to grpc	UNREVIEWED			
328	5644d780b0a82505464ef80e9da68a1d2b86e860	2026-01-27	grpc-client: add get_reference_gas_price method	UNREVIEWED			
329	ea3691d1ecb4514af4cd24cdd63f3c5e7b7ff9b9	2026-01-27	sdk: convert WalletContext::get_reference_gas_price to grpc	UNREVIEWED			
330	f2119272e4e08174b15120d6959da499489d7bd3	2026-01-27	grpc-client: add list_owned_objects method	UNREVIEWED			
331	b647f36f146ab06886fba5e32d6acb156153818f	2026-01-27	grpc-client: add wait_for_transaction method	UNREVIEWED			
332	3423339c2b7ba8ba4953271b9643455271416a20	2026-01-27	sdk: convert WalletContext::gas_objects to grpc	UNREVIEWED			
333	b9ba1b5b1fa9e4cdda8c3dec522916d119404948	2026-01-27	Properly map user sigs to alias versions in checkpoint contents (#25093)	UNREVIEWED			
334	6e2c2e0e79241584441726c4ad9906c974544418	2026-01-28	Separate settle and commit in object funds checker (#25069)	UNREVIEWED			
335	c95bd1e128416b8d9545cd5810bb78c6ad443572	2026-01-27	[graphql-alt] Update ServiceConfig return types for partial error support [6/n] (#25108)	UNREVIEWED			
336	ee26d1dda0b69a0d4c537068ae690909a0933532	2026-01-27	[consensus] test equivocations with randomized dag (#25113)	UNREVIEWED			
337	421ad1099e2061b229650608b9c8af80b2bc28c3	2026-01-27	docs: update graphql data-access retention docs (#25122)	UNREVIEWED			
338	0ae67177d5d3831dc76884993ae4abb22ec33e88	2026-01-28	[Consensus] some comments on the commit finaliser (#25123)	UNREVIEWED			
339	bf8e9a4fdc4d0aafac4a9a6d53f7b544b5702575	2026-01-28	Fix crypto instalation (#25105)	UNREVIEWED			
340	a470a9d2902a41bebda653f0b6d57cbda786f4fd	2026-01-28	Fix a randomized DAG test and a full node test (#25141)	UNREVIEWED			
341	1d107bd91727a9ccbb373a85f94bfc47cfbc40a5	2026-01-28	Protocol guard transition from `AddressAliases` to `AddressAliasesV2` (#25139)	UNREVIEWED			
342	e29aa76950dc4d77dbd42b8c5eff4ac7810eb320	2026-01-28	[jsonrpc-alt] port coins to consistent store (#24558)	UNREVIEWED			
343	275aaef5586d5726977100448897b72c3aecfdb2	2026-01-28	docs: Add recommended indexer/graphql postgres requirements (#25138)	UNREVIEWED			
344	1c7e556f627f419459739deb8e52f75b26ac540f	2026-01-28	docs: Revise `/guides/transactions` section for style guide + feedback (#25027)	UNREVIEWED			
345	c47bbb72588c3a74f87d0cd26611b67930f30a9d	2026-01-28	[move-stdlib] Lossless div (#25051)	UNREVIEWED			
346	9a88ac87053de9aa5fc1e8f7dfc6d7f3cb0ae093	2026-01-28	docs: dApp -> app (#25146)	UNREVIEWED			
347	29ee924f1275b1069084b1ff3d43f41e15f4e03e	2026-01-28	docs: address Nautilus feedback (#25153)	UNREVIEWED			
348	88935140b17155ed132b54f2dcea8c9c894a4237	2026-01-28	docs: Add Docusaurus subtree for shared components (#24827)	UNREVIEWED			
349	35dff86f4e83d9011f3ae3628fae5e74c356ad75	2026-01-28	[move][chore] Convert file hashes to symbols internally to reduce size (#24800)	UNREVIEWED			
350	b486205852707b2de41dfe62d76aa3299423cb02	2026-01-28	[move-ide] Fixed crash when module extension extends user module (#25154)	UNREVIEWED			
351	d016c44e337902034496be572d4bc6d5b2b3058c	2026-01-29	[move-ide] Extension version bump (#25155)	UNREVIEWED			
352	411a2332872de2ee78dc13a9b1142d3e8d9e36fa	2026-01-28	grpc-client: add get_transaction and execute_transaction_and_wait_for_checkpoint methods	UNREVIEWED			
353	2d3b135f93c1ffa646aff7196443d177f02ce37b	2026-01-28	grpc-client: return Checkpoint from get_full_checkpoint method	UNREVIEWED			
354	6d05b3a1b806344c8ff85a65475e4c56fca81262	2026-01-28	sdk: convert WalletContext::execute_transaction_may_fail to grpc"	UNREVIEWED			
355	5c2fd3d4019ed2947e3b327ca14bb63cf42a9a82	2026-01-29	[core] checkpoint syncing - only pass relevant effects to settle (#25144)	UNREVIEWED			
356	aa28a13dc84aa6bc771450efbc0349bc1257559b	2026-01-29	fix(graphql): detect transaction payloads (#25152)	UNREVIEWED			
357	6023ccd1db7b147211eefeea1172c06dd42d6523	2026-01-29	[decompiler] Fix VecPopBack pretty printing index out of bounds error	UNREVIEWED			
358	c91bd39bd4db6f529bec20cb5f35c48aaccde031	2026-01-29	[consensus] track peer accepted block rounds during block and commit sync (#25158)	UNREVIEWED			
359	4b29bc17030c9be81754099eb167bc4122e30b38	2026-01-29	docs: fix Nautilus wording (#25161)	UNREVIEWED			
360	d72d91f23082bf723715645932f62949b20cbab4	2026-01-29	Add a skill for simtest debugging (#25156)	UNREVIEWED			
361	1c5e133e68aa8e25cfac15fdd9e9d8f8a3bef1bf	2026-01-29	Upgrade checkout actions to v6.0.2 (#25167)	UNREVIEWED			
362	0100c29b8d185348b6171d46937150dbdb1b4268	2026-01-29	Upgrade python setup action to `v6.2.0` (#25168)	UNREVIEWED			
363	1cc424789f07bfeace65857c9a71dca0f03bfdec	2026-01-29	Always accept system transactions (#25001)	UNREVIEWED			
364	f365cd4f19d965d346c7918044fe268075faff85	2026-01-29	Upgrade google-github-actions auth action (#25170)	UNREVIEWED			
365	c9ac596e6a8fad51c13f397dfb25be04fe0e95d5	2026-01-29	Upgrade GH actions to latest versions (#25171)	UNREVIEWED			
366	5ad52088afdfdf28bb56ac9f7cc025c3f7d3ef2a	2026-01-29	test-cluster: add grpc client to FullNodeHandle	UNREVIEWED			
367	f1197b6c15c5caad35e202ad25be5cb8ea11e189	2026-01-29	rosetta: remove unused jsonrpc client from tests	UNREVIEWED			
368	82ef67efffdfe06fc969d8f06dbdf377ef4b6355	2026-01-29	bridge: migrate publish_and_register_coins_return_add_coins_on_sui_action to grpc	UNREVIEWED			
369	36a8c10b61d7f0871951d8f1cf6ec6053d095bfa	2026-01-29	grpc-client: add get_protocol_config method	UNREVIEWED			
370	2d8bddaac77f75f693548386152d29a05b1dcf0b	2026-01-29	cluster-test: migrate is_beacon_enabled to grpc	UNREVIEWED			
371	dd6a7d5dd62b30d322dbb0a96df9f065a43c3846	2026-01-29	full_node_tests: migrate publish_init_events_without_local_execution to grpc	UNREVIEWED			
372	28b40a95552da0217b6986ccbd148455431939e6	2026-01-29	grpc-client: add get_system_state method	UNREVIEWED			
373	d7d4b81cee13ed570d538445c33b677f1e5d19c8	2026-01-29	transaction_orchestrator_tests: migrate execute_transaction_v3_staking_transaction to grpc	UNREVIEWED			
374	9c4fe9a60ecb890ed5ccdf1fd5ec580cbdf8518e	2026-01-29	faucet: migrate local_faucet to grpc	UNREVIEWED			
375	9f0e1276a46a7bae6bdca5e13e2043261b91a441	2026-01-29	json-rpc-tests: get client from TestCluster	UNREVIEWED			
376	84233e149c6c29aa972671fbc2903625ef6b498c	2026-01-29	oracle: migrate to grpc	UNREVIEWED			
377	6866408007f040a908a08f720bdb3d0f51bb0fee	2026-01-29	test-transaction-builder: remove use of WalletContext::get_client	UNREVIEWED			
378	14d17ae5d1e7e6b6216585ec1e70b522e174859d	2026-01-29	source-validation: migrate to grpc	UNREVIEWED			
379	638f19bcb2344e2c5b3a925688a11351c072d019	2026-01-29	sui-transaction-builder: change DataReader api to fetch full object	UNREVIEWED			
380	2b6d9121fe4fde6810fc10c0258ce6ae9e4fdfff	2026-01-29	grpc-client: impl sui_transaction_builder::DataReader	UNREVIEWED			
381	80920138705e61348351df78918fcbe2ae434950	2026-01-29	Upgrade depricated cargo actions (#25169)	UNREVIEWED			
382	c99b620e482521b49cdedd128817407236131c35	2026-01-29	Fix Tagging workflow (#25172)	UNREVIEWED			
383	bd827149868a3a5495968cb98850c285a3d24e43	2026-01-29	docs: update TypeScript SDK v2 documentation examples (#25115)	UNREVIEWED			
384	868c226359ef914f1f3b080518f27eb13d8967f5	2026-01-30	[move] Add Result to ValueVisitor (#25174)	UNREVIEWED			
385	88e795d1a410d6f5a850f28035ff964deb21e2cf	2026-01-30	Sui v1.65.0 Framework Bytecode snapshot (#25184)	UNREVIEWED			
386	db642a106a6eb1c88c67574aa2c7e229324aac15	2026-01-30	Sui v1.66.0 Version Bump (#25185)	UNREVIEWED			
387	e29815c18893f514f81e126ddfb263ec7a3672da	2026-01-29	[graphql-alt] Update IMoveObject/MoveObject/CoinMetadata/DynamicField return types for partial error support [7/n] (#25109)	UNREVIEWED			
388	89be7daa9096e56384915f89569b9fa6e0448a7d	2026-01-30	[graphql-alt] Update Query return types for partial error support [8/n] (#25110)	UNREVIEWED			
389	9dfec3925875ec40eb7431aa3250c82425b1d148	2026-01-30	[2/n][sui-bridge] [JSON RPC -> gRPC Migration] Switch to gRPC based event event syncing (#24639)	UNREVIEWED			
390	14510cd955ac7d6ddc3aac694a4c4a82b9ef5747	2026-01-30	gh 3rd party actions upgrade (part 2) (#25180)	UNREVIEWED			
391	9a5a7c308942fb4ed992947b3d3cac8fc8a66ad2	2026-01-30	Upgrade 3rd party gh actions (#25179)	UNREVIEWED			
392	5132f7490ac7004868c900682991e94935eb3985	2026-01-30	docs: Add Kapa.ai chatbot / remove Cookbook chatbot (#25176)	UNREVIEWED			
393	eac00a6419c79eb86b013ec05309592225e2b9af	2026-01-30	Allow multiple address groups of different priority in EndpointManager (#25132)	UNREVIEWED			
394	19158a9471c7bb6dd6a77830fb7eb5bf958749ae	2026-01-30	[consensus] track received round in RoundTracker (#25166)	UNREVIEWED			
395	e0c653e709f45e8707f1cd52e07053e07ba2e64b	2026-01-30	Make seed-search progress prettier (#25183)	UNREVIEWED			
396	938247f1c139d910854fab201168c68f500b39b3	2026-01-30	[decompiler] Add unstructured control flow fallback with goto statements	UNREVIEWED			
397	696fdeea3157e4e05eac2ff030afbc2f200704ea	2026-01-30	Adapt Chain Identifier to return full 32 byte digest (#25186)	UNREVIEWED			
398	b50e5f0dc02041d40fa2339d89ed471eb4e63987	2026-01-30	Add support for peer address overrides in P2pConfig (#25187)	UNREVIEWED			
399	364431782bcee01be3649f12a01a4277b85d85a0	2026-01-30	[fix] improve handling of roaring bitmap (#25165)	UNREVIEWED			
400	5428f2feccc058ce18b9c37d5b71d8ab4b080673	2026-01-30	Upgrade 3rd party gh actions (Part 3) (#25181)	UNREVIEWED			
401	e984ad82b6dcd0f693f8e6f21250d8b6e9a98eb5	2026-01-30	graphql-alt: scanning api bloom filter pipelines (#24788)	UNREVIEWED			
402	5675fb27c5dd4a02dc6b4c77b4163e7be8256828	2026-01-30	grpc-client: add get_dynamic_fields method	UNREVIEWED			
403	059b8c0ee7207d81c918b04dec6c3bd231e0dd96	2026-01-30	sui: migrate DynamicFieldQuery to grpc	UNREVIEWED			
404	eb94a45367a51701763fa08e05ecca5b34702733	2026-01-30	grpc-client: add batch_get_objects method	UNREVIEWED			
405	1730e63899806b542343d30a1aac69b5ca79d0d0	2026-01-30	sui: migrate some package methods to grpc	UNREVIEWED			
406	273b639f110cdc4d0c4374827b5711a361dcac1b	2026-01-30	sui: convert object commands to grpc	UNREVIEWED			
407	1f764a9fa63537b550541633652b98be1b5330e2	2026-01-30	grpc-client: add get_coin_info method	UNREVIEWED			
408	c821b95def6b0583902de99c14d736d7e48e54e4	2026-01-30	sui: convert balance command to grpc	UNREVIEWED			
409	e35cb64b3d528b88bb21b15b6059309ac89ddf60	2026-01-30	grpc-client: add simulate_transaction method	UNREVIEWED			
410	357fa89050651b47761df75339a1d1f7fb071442	2026-01-30	sui: migrate dry_run command to grpc	UNREVIEWED			
411	11356ffcbde020ccc0cc1c3477b8d3c0e05fd527	2026-01-30	Using PAT instead (#25193)	UNREVIEWED			
412	4b550eb362f186ad96ede5ed798c337c583962ff	2026-01-30	Adding safety check to tagging repo (#25195)	UNREVIEWED			
413	cd444b04fa0b1f94022717a6d29b0a3cf4840f1a	2026-01-30	grpc-client: add list balance and stake methods	UNREVIEWED			
414	6e7b20b2a7d5c2f08f10a983a3ec49a912976df4	2026-01-30	sui: migrate sui_commands to grpc	UNREVIEWED			
415	acf83906b07c4c9d6bd757bb37d5e9657e4ce331	2026-01-30	sui: migrate cli_tests to grpc	UNREVIEWED			
416	8f56b62748585294afb044ef3d78ba23d339c19c	2026-01-30	sui: convert zklogin_commands_util to grpc	UNREVIEWED			
417	5806e553c097b5feaefd851bfa0a2193f51a378c	2026-01-30	sui: migrate fire_drill to grpc	UNREVIEWED			
418	d1d56ef84b2e424756f8c2d48118ea9b49c25115	2026-01-30	sui: migrate validator_commands to grpc	UNREVIEWED			
419	a5113dad65ac7f91015d337e84f86453b11ddaca	2026-01-30	sdk: remove jsonrpc client from WalletContext	UNREVIEWED			
420	8f27181bddd1b1b9d4f1b6ef2a5691b4bb31f742	2026-01-30	Add log file management and commit strategy to simtest-debug skill (#25197)	UNREVIEWED			
421	7cdd120175f1563b465fb9f64ee7f17b0119136a	2026-01-30	Fix flaky test_reconfig_with_committee_change_stress test (#25198)	UNREVIEWED			
422	226c12d69ad8c66ae23df2525a2a5d25e93da0fe	2026-01-30	[decompiler] Handle native functions with early return for empty input	UNREVIEWED			
423	c76c4cfd64a626e7760bdcf8b2b6b7356bf55503	2026-01-31	Reduce checkpoint and JWK log volume at INFO level (#25196)	UNREVIEWED			
424	292880a3e96bfe887b32b5d295dd9c2daa903eca	2026-01-31	sui-types: fix format test to not shell out to cargo	UNREVIEWED			
425	dde7508afaee250c289d175288102be73c5e3669	2026-01-31	sui-open-rpc: fix format test to not shell out to cargo	UNREVIEWED			
426	79adab8799c60114cfd46934007c317d48e7f58f	2026-01-31	Make funds withdraw schedulers return more precise results (#24953)	UNREVIEWED			
427	5a35161761be01aeaeb30462c89d011a00618bc3	2026-02-01	Improve simtest debug skill and seed-search validation (#25210)	UNREVIEWED			
428	fb1df6f94e63ddf74e1a4de30932deadd7fec96b	2026-02-01	benchmark uses shared safe client metrics base (#25208)	UNREVIEWED			
429	ddd6267283e6fa1c50ca296be9e4cd4097e00e48	2026-02-01	[move-model2] Fix VecPack type inference bug causing Vector<T> vs T mismatches	UNREVIEWED			
430	d1611d7fc477d9cd20440716e38119b0f462d2f4	2026-02-01	Fix test_composite_workload flakiness by reducing SharedCounterIncrement probability (#25207)	UNREVIEWED			
431	63f084e464b09af771708197388e4c6e5a43e877	2026-02-01	Fix flaky test_simulated_load_shared_object_congestion_control (#25201)	UNREVIEWED			
432	df041745e417a21793224fe7aa990f60201b6c3d	2026-02-02	[tidehunter] sanity check for database type (#25120)	UNREVIEWED			
433	307a3014a3e648ebedf8497c2990190f2d020e86	2026-02-02	sui-types: add TryFrom<&SystemState> for SuiSystemStateSummary	UNREVIEWED			
434	84ce0bffe4d58a1b5511986d0b76574d1a3c1e6f	2026-02-02	sui-types: add TryFrom<&ValidatorCommittee> for Committee	UNREVIEWED			
435	9e8aecf9d541f9f8b8c7055f70ab86ff97b5f414	2026-02-02	grpc-client: add get_committee and get_system_state_summary methods	UNREVIEWED			
436	49810b072981d714e49d4d8e7e0ed23e13f678ee	2026-02-02	benchmark: migrate to use grpc	UNREVIEWED			
437	fcfae68b8855e3dc6ff6005e95439ebe4f6e9bbe	2026-02-02	sui-light-client: migrate to grpc	UNREVIEWED			
438	fd4089a350e60fef2c18284b871a2a5bdf36aa06	2026-02-02	sui-tool: migrate to grpc	UNREVIEWED			
439	1cac7d2d7f0c49635b12fc1159a3eb45d0e0dd2f	2026-02-02	test-cluster: mark jsonrpc client as deprecated	UNREVIEWED			
440	bb388400e0a3277586b0e5467697f69dafffcf84	2026-02-02	Require Protocol release notes when bumping MAX_PROTOCOL_VERSION + naming improvements (#25202)	UNREVIEWED			
441	79f9b2c9e21b347722c3b084809c3e7edcf04aa0	2026-02-02	Remove unused fields from TransactionOutputs (#25206)	UNREVIEWED			
442	f9828a3a5b8580be762cc0aec144028cb7312f96	2026-02-02	Margin Risk Docs (#25173)	UNREVIEWED			
443	8f98bcfe797bb3a833f6e42e335fe5b091c850ca	2026-02-02	Merge accumulator events before effects generation (#25178)	UNREVIEWED			
444	8152123f8f179a6a2bd1dc3aacdb799b2c3c27c3	2026-02-02	Add release branch monitoring workflow (#25220)	UNREVIEWED			
445	24954053cfd0e1a23bbcd326c63e9666e380e97e	2026-02-02	Track total withdraw amount per account for object funds withdraw (#25073)	UNREVIEWED			
446	446798b352373440c039ebe296008cd62cdd7d37	2026-02-02	[tidehunter] unregister metrics on Drop (#25215)	UNREVIEWED			
447	2555b2fb5973bbd25b8aa40e8fba38989073af62	2026-02-02	Fix FundsWithdrawScheduler DB reference leak (#25213)	UNREVIEWED			
448	6080661beaf3bc533a205b1fe5814e0b4e1fcb60	2026-02-02	Do not panic on deprecated `RandomnessStateUpdate` message (#25205)	UNREVIEWED			
449	89b39a384b539109c4a1328c386bdefecc9340ad	2026-02-03	Remove S3 employee lookup, use PagerDuty email + Slack API (#25224)	UNREVIEWED			
450	de97e292c9d2b884a03e9b5c0aa2bf59b44a9801	2026-02-03	Enable object balance on testnet (#25223)	UNREVIEWED			
451	8b077c59f5a52d60cafb5d29157960fdda83e863	2026-02-03	change inputs to strings (#25235)	UNREVIEWED			
452	8c637bb8d687c162d9a6bc43471e1c485e971252	2026-02-03	[bridge] Handle storage layout mismatch during EVM contract upgrades (#25228)	UNREVIEWED			
453	b0f61e9d9ce740e49b91130465d7e330923c564b	2026-02-03	[cargo-deny] Bump bytes crate to avoid deny issue (#25244)	UNREVIEWED			
454	f58ad53ec731f7b2e12b6351fad57962792c2ee5	2026-02-03	[sui][cli] Add support for shell completion in CLI using clap_complete (#24469)	UNREVIEWED			
455	faa33a61f350bc0ed6587b458652ae05a68c9216	2026-02-03	[sui move test] Use Sui's VM Conifg, Verifier Config, and Gas Meter in Unit Tests  (#25226)	UNREVIEWED			
456	ee0b41f1bf92445b579b435e62171663b838ae3e	2026-02-03	[workflows] Migrate notifications to sui-operations via dispatch (#25249)	UNREVIEWED			
457	1eff94414090a452aa1f0928a2f3a38b3c6f8f2d	2026-02-03	Spawn admin server in Swarm for `force-close-epoch` support (#25229)	UNREVIEWED			
458	e6551f001ca92f18ef28f4ab91da97ef00464dd5	2026-02-03	fix: use correct SHA for peter-evans/repository-dispatch@v4.0.1	UNREVIEWED			
459	a675d404d51358dbf7d1e5755cc93121aefeddf8	2026-02-03	fix: use DOCKER_BINARY_BUILDS_DISPATCH token for sui-operations dispatch	UNREVIEWED			
460	4ccc647c9c4d328db41ad1b2435800521b8e519d	2026-02-03	Revert "benchmark: migrate to use grpc" (#25254)	UNREVIEWED			
461	86f052d678880a2d519d9643e17d73c059e8ec23	2026-02-03	Pin mystenlabs tidehunter commit for sui (#25256)	UNREVIEWED			
462	e6f047cdb28aa431745cc1e6d6293a413ad1a831	2026-02-03	antithesis: enable grpc indexing on fullnode (#25258)	UNREVIEWED			
463	3efc82c5c1a32d347759efe9892336b91d91a071	2026-02-03	Discovery: Add support for trusted `AccessType` (#25251)	UNREVIEWED			
464	02ad5c35d557d56d0f4a94a46bb8e08c5a1acef2	2026-02-03	KV Store / Archival indexer refactor + schema changes (#25143)	UNREVIEWED			
465	f039a2150fa26ef8c9319e550df16b03882c12a6	2026-02-03	Update kv-store readers to read the new schema with fallback (#25191)	UNREVIEWED			
466	3fd85b70368fefc17d840f96c8436c8bed679d5f	2026-02-03	[move] Small improvements for PartialVMError and VMError  (#25253)	UNREVIEWED			
467	12e7af8e82fd5fc226b007052aaf49d99153fdf3	2026-02-04	[antithesis] use branch name as description when unspecified (#25267)	UNREVIEWED			
468	8789fcf1f27ce7b02e00ad8ef8fc9f6325807a67	2026-02-04	fix typo in register_subscription (#25270)	UNREVIEWED			
469	aed78d27b07cbf1e50158ae30fd79f3b4e3b27b7	2026-02-04	docs: Revise on-chain primitive pages for style guide (#25262)	UNREVIEWED			
470	74c82941ad332c4e3e820c1bd3e34ce5dc35f64e	2026-02-04	docs: Revisions to misc Sui Essentials pages (#25255)	UNREVIEWED			
471	e80ea01d88f40e1e35c0953373320bcbe928d20a	2026-02-04	bridge: use checkpoint subscription for monitor	UNREVIEWED			
472	f08a8791279ebb36bcc1f0acb9521dc83f0da2cc	2026-02-04	bridge: use grpc for get_gas_data_panic_if_not_gas	UNREVIEWED			
473	349f42246ca33b13cfc4692afa8f907c677f1796	2026-02-04	bridge-cli: convert to grpc	UNREVIEWED			
474	588d525ff40a9863de8ed8ef13957c3cf810a98b	2026-02-04	bridge-watchdog: remove unused crate	UNREVIEWED			
475	2e5ae1e2314e89232b7ce13a82cde75de5e7f77e	2026-02-04	bridge: use sui_rpc_api::Client	UNREVIEWED			
476	4da033814fbd394a8875ba1870cf76121be3c222	2026-02-04	bridge: remove jsonrpc client	UNREVIEWED			
477	1300b26e1c9d4d001f50d80a0bfdbdf8ace45b2d	2026-02-04	bridge: fetch events from checkpoints in tests	UNREVIEWED			
478	7d85e4c702907a7aad6af489a68fba948891980c	2026-02-04	benchmark: migrate to use grpc (#25259)	UNREVIEWED			
479	14b623f1a40272f738461e0b09b8da7438dba4a1	2026-02-04	Fix simtest failure notification missing commit_sha (#25272)	UNREVIEWED			
480	eccd76eac76bd8b676b9d14e9babf09e36150603	2026-02-04	[Consensus] update peer address via EndpointManager (#25162)	UNREVIEWED			
481	a20c9f6f851d4c3ae965b4384d60aa688a9e9177	2026-02-04	Don't read legacy watermark for tasks (#25275)	UNREVIEWED			
482	27ee82ed7668426c365748c96cbce2b79f9d958c	2026-02-04	docs: add supported sdks (#25271)	UNREVIEWED			
483	784f6508d7db85e4b37b3c1a393f9ad61c87f82e	2026-02-04	Fix benchmark committee store creation (#25277)	UNREVIEWED			
484	10436c976a91e9a493c1c6ba8be8b63102535aa4	2026-02-04	Remove logic unused after removing disable_preconsensus_locking flag (#25150)	UNREVIEWED			
485	035b511ae9264cb90e995fc02ca3f799a1d048db	2026-02-04	Rewrite run-antithesis-tests in Python with long argument names (#25279)	UNREVIEWED			
486	027a6540beea9442e3b636fb337b483393e71ae5	2026-02-04	[cli] add external signer support and subcommand (#23146)	UNREVIEWED			
487	37bdcb80eb8e09996a1b51b6397d41caf60e265b	2026-02-04	docs: standalone SuiLink doc and Wallet category creation for future docs (#25079)	UNREVIEWED			
488	e727e4dd59e032905fe6666d86c901c2090d151e	2026-02-04	update tonic to v0.14.3 (#25140)	UNREVIEWED			
489	8916ecf99f84f8d09bbc189f845d52144d32b4aa	2026-02-04	[move][reference-safety] Example tests (#25263)	UNREVIEWED			
490	bb5775be80018ecb4b3663f8c03c2d98f936a219	2026-02-04	Preserve serialized format for `deferred_transactions_with_aliases_v2` (#25274)	UNREVIEWED			
491	45e7916ec2f373e8c9de9bf0a14fc3075470a643	2026-02-04	docs: add markdown export feature for LLM-ready documentation (#25284)	UNREVIEWED			
492	01012b364f23994a66a56c91039cb00e96fabbd0	2026-02-05	Add debug_fatal! logging for safe_iter deserialization failures (#25288)	UNREVIEWED			
493	c0af136bd0896a15df8e9c272ece6b17b77e30e4	2026-02-04	indexer-alt: track ConsensusAddressOwner for tx_affected_addresses and blooms pipelines (#25194)	UNREVIEWED			
494	d433bd58fa2034587f14befe6bd6be564f597afd	2026-02-05	tidehunter: add `deferred_transactions_with_aliases_v3` table (#25291)	UNREVIEWED			
495	5bf6eaf82503c35f877ac360d96906f5ad6d7448	2026-02-04	Fix release tag creation to use correct token and error handling (#25293)	UNREVIEWED			
496	03b0c8377ce64223e1a099ca0fb9f513b811b61f	2026-02-05	[TransactionDriver] clean up latency checks after fast path removal (#25142)	UNREVIEWED			
497	c38edb67ab51d6ac12a560f4051c64a4f8d0fa63	2026-02-05	[alloy][sui-bridge] Integrate Alloy multiprovider in sui bridge (#25257)	UNREVIEWED			
498	076ba49a21924c76d7c5b18e70f48239b34a44a6	2026-02-05	fix(rpc): set default CryptoProvider (#25301)	UNREVIEWED			
499	628675963351aefe79153bff7b5ceb677b4a8e19	2026-02-05	Make stress container more reliable in antithesis (#25287)	UNREVIEWED			
500	b460276cf9a5bb2422bc824cdfa12c09876505d6	2026-02-05	Update arg names to match workflow (#25302)	UNREVIEWED			
501	ecbbcb9fa08b1d7e9c2947b257a81d9134fda53a	2026-02-05	Install default rustls CryptoProvider in sui-kv-rpc (#25303)	UNREVIEWED			
502	5cf7caaac3bdacc1a8b71758af59a869977bcda1	2026-02-05	docs: misc fixes (#25278)	UNREVIEWED			
503	7099ee5af365269dbabd9ea9e76c13ba6e1ae2c9	2026-02-05	[release-notes] Auto-detect protocol version bump PR from git history (#25309)	UNREVIEWED			
504	80a4c67964207f544edb72f21b39d5bae80a515e	2026-02-05	rpc: configure cors to expose all headers (#25311)	UNREVIEWED			
505	0d350ad62e86f3db721cc4f417fee343d83c8af2	2026-02-05	nickv/kv project injection (#25313)	UNREVIEWED			
506	e1e5a254cea1311873dde7637857505d8b4f9bb0	2026-02-06	Tidehunter CI checks for sui-core (#25315)	UNREVIEWED			
507	4ea1f39ef7db32498d5d8e19b66dd34ea48d2599	2026-02-05	Add back Settlement finality latency outlier logging	UNREVIEWED			
508	097d6c58b760aef1765b644256b7853afb981f0d	2026-02-05	Long long requests in transaction orchestrator	UNREVIEWED			
509	9c0d6c99cc36611b142b020b501cbe6fea698596	2026-02-06	chore(graphql): standardize imports	UNREVIEWED			
510	8f1c7fcabf4ec74b3660fd102d6c1191bc4723d9	2026-02-06	graphql: more detail in health check	UNREVIEWED			
511	35277b8ea87b85a349960e215e83ae7d0f4a6aff	2026-02-06	graphql: warn if watermark rolls back	UNREVIEWED			
512	9885bccc1e167c4fd1141fdad8b26727b080c833	2026-02-06	[docs] updates on blackjack documentation to include deeper explanation on randomness and codegen (#24752)	UNREVIEWED			
513	1e93a32ea690d1c3ad10c1b41106b0632616f904	2026-02-06	[pruner] remove objects compaction filter (#25294)	UNREVIEWED			
514	965fc3495c59ab67a5b3e4be37a384bf25eff440	2026-02-06	Revert "[docs] updates on blackjack documentation to include deeper explanation on randomness and codegen" (#25323)	UNREVIEWED			
515	88f64d547174e7b077dc3bd8b74f59552f686394	2026-02-06	[antithesis] check commits exist and generate useful description (#25297)	UNREVIEWED			
516	a0d0f22bdfaeb69edf9e920bb9f29516de3ad71e	2026-02-06	Disable object_store internal retries for all cloud backends (#25324)	UNREVIEWED			
517	c1ae67b333b9c82e9764300b335fa425fe72f199	2026-02-06	Fix remaining stray arg (#25330)	UNREVIEWED			
518	8b6c9369d401745e5491f35bf3ad741419409f40	2026-02-06	docs: fix .mdx to .md conversion in markdown export links (#25307)	UNREVIEWED			
519	23d8b9bbc7b68108786d35a6e68ce17ba0bad3da	2026-02-06	remove migrated config image (#25332)	UNREVIEWED			
520	cbaac2ed42252bf570f7361684f515329109277b	2026-02-06	[transactional-tests][regex reference safety] Added viewer for pre states (#25282)	UNREVIEWED			
521	7298fd7904f7091b97d90df119120ac5bb1f7b7b	2026-02-06	[to & td] log retry delay and error category (#25333)	UNREVIEWED			
522	6f8be71bb7b641bfb2b6de962371964770c8d05e	2026-02-06	Add address funds scheduler config	UNREVIEWED			
523	fef689526595749a58240442a5eb0bc859047b25	2026-02-06	rpc: make GetEpoch return more info when requesting the current epoch (#25329)	UNREVIEWED			
524	b993a805542bacc4ab5550c26f3e8701a2f9edf3	2026-02-07	Move broadcaster backpressure from task-level to stream-level (#25325)	UNREVIEWED			
525	4200be76e545b977618499cbe9f02557973a4bde	2026-02-07	Concurrent pipelines participate in backpressure (#25334)	UNREVIEWED			
526	0676e11409f87c38733863475d0819407b568a9d	2026-02-07	Decouple watermark advancement from DB writes (#25342)	UNREVIEWED			
527	a7e23b9c96a66dfe97b3bac4eb5a47ea33e32c67	2026-02-08	Change assert to debug_fatal (#25351)	UNREVIEWED			
528	ea5cd48b5f1b013cd71aad60f80aa3392914245b	2026-02-08	Instruct claude to add correct license to new files (#25280)	UNREVIEWED			
529	c8d483f71775cd1d5ac7ea30ab22e090a047625d	2026-02-09	consistent error reporting across run-mode (#25361)	UNREVIEWED			
530	362c4758db295f3f4baa54aaf50824af6bef3eff	2026-02-09	Update to tidehunter to c3b7be698ea035f18e5bae36554768ddf71e472f (#25365)	UNREVIEWED			
531	4b097ddd0692f865f5ca182b30495b5567a10e67	2026-02-09	[pkg-alt] fix ephemeral publication data loading for git deps (#25238)	UNREVIEWED			
532	b982fe6ccb60985c26bbd1ec5a820e2d1ee30a9e	2026-02-09	[chore] Update `time` dep to fix advisory (#25363)	UNREVIEWED			
533	df0f05a75e934c4550d8428ddeae8f12e766b51b	2026-02-09	[compiler, nit] fix typo in a compiler message (#25362)	UNREVIEWED			
534	e7f3c5c0c877c19ae1c9d65865030490beb9a2b4	2026-02-09	Use nexttest for tidehunter tests (#25370)	UNREVIEWED			
535	0f97c43d8970ec5fc5487d5552274d7c425aeef9	2026-02-09	[move-compiler][sui-mode] Remove `entry` rules. Add warnings for uncallable functions (#25335)	UNREVIEWED			
536	a31082390629c69f0b891aa7b3e092e8a18ee27a	2026-02-09	indexer: further simplify back-pressure (#25369)	UNREVIEWED			
537	1392821fd651b64e9561a16699aeb6ad9587334d	2026-02-09	sui-indexer-alt: Add metrics for connection pool acquisition attempts (#25163)	UNREVIEWED			
538	488610ad10a98d52ec1c5c55fda609918e8b27a5	2026-02-09	[consensus] use fifo compaction by default (#25314)	UNREVIEWED			
539	ed04ad1fa9379e45faa98dd553366e6af7e36b78	2026-02-09	Remove sui-aws-orchestrator crate (#25347)	UNREVIEWED			
540	7151e57817cfbcd4b0cb81e8ca981464fa9c920a	2026-02-09	Delete object type table (#25374)	UNREVIEWED			
541	133f9428cff69f63fe1fe366050ed30105182a1f	2026-02-09	[hardening] Use safe_get and checked_as in PTBs (#25344)	UNREVIEWED			
542	c775e0bda3c37508195a0237dc593ff64bfe242e	2026-02-09	docs: fix json for auto-gen'd docs (#25375)	UNREVIEWED			
543	a347aa7cbb2a068fd603276f2d45c388be5e4781	2026-02-09	docs: fix JSON parsing  (#25379)	UNREVIEWED			
544	64a0aef1839f595ff6f697f5ca64a0e4c22f8a08	2026-02-09	Reduce QUIC max_idle_timeout from 30s to 10s (#25373)	UNREVIEWED			
545	78d79cf3c6e408deb17c4dcae92a6c55bec612e0	2026-02-09	[move-ide] Support for incremental compilation of dependent modules (#25234)	UNREVIEWED			
546	055d75a4b23d4e474f15b9dba195d76848131511	2026-02-09	Fix gas coin leak in stress benchmark during epoch transitions (#25372)	UNREVIEWED			
547	e4146b827fc1ceb26af5885acb3259c9fc193964	2026-02-10	[pruner] move grpc index pruning to objects section (#25350)	UNREVIEWED			
548	f6a8e9a1ac1a7d77de0ca5ff60a265ebae962372	2026-02-10	rpc-index: deprecate and drop transaction info column (#25382)	UNREVIEWED			
549	007b06a11fad0e7abb729c30f30297be0b63ae5b	2026-02-10	fix(consistency): update formal snapshot to read new checkpoint format (#25376)	UNREVIEWED			
550	b4bece7094fef8ed0859583ef383db5ceb810630	2026-02-10	Add metrics for funds scheduler	UNREVIEWED			
551	e137532aea4b6087202a103b4be4baafb9b47a6b	2026-02-10	Certora audit fix: L-03 (#25396)	UNREVIEWED			
552	c03fabb7f91c19fa04036b63c2a3b4d06d6e43e2	2026-02-10	rpc: be more resilient in simulate and also expose suggested_gas_price (#25407)	UNREVIEWED			
553	d1dae0a6d10499ae2cf96d2ea8a1f9cb99ed43f8	2026-02-10	Refactoring cli/config for indexers (#25394)	UNREVIEWED			
554	eae3c89034d736bde54cdeaee12bc2ebe0206863	2026-02-10	Print tx digest when missing	UNREVIEWED			
555	77e74b01af6217c7c867a00d0f05a09237efcd92	2026-02-10	Do not panic when missing effects	UNREVIEWED			
556	ac69424631d334edc647e89be4230d75b09a860c	2026-02-10	cli(ptb): pure type inference looks through references (#25405)	UNREVIEWED			
557	7c010d4978940bcf47c087a4f6b02a10904e944f	2026-02-10	rpc: standardize on a single lower checkpoint watermark (#25397)	UNREVIEWED			
558	89d40ca4fdedd933ec7cd643dc1b1608e42e6ab0	2026-02-11	Reduce transaction submission jitters (#25348)	UNREVIEWED			
559	d922b2e08e7eecba8be14c8e5274f4fc133754fc	2026-02-11	docs: properly enable indexer pruning in config (#25326)	UNREVIEWED			
560	6ac0a5343e4056107d97038c76556178fd3b89ba	2026-02-11	fix: skip docs-change-notify dispatch on push events (#25416)	UNREVIEWED			
561	2d1485c6c856a4aecbd8162761853dc1b9bb72b0	2026-02-11	[move-compiler] Fix unbound module in unit test generation (#25381)	UNREVIEWED			
562	a8a3e92a5d48fe096030e3d1aa63c86a3e43a402	2026-02-11	sdk: update sdk to include revert for 9b29d604 (#25420)	UNREVIEWED			
563	56fbfa6cacf913d26fccc503e8f7a043d57ff031	2026-02-11	[move-unit-tests] Kill move unit test extension hook (#25418)	UNREVIEWED			
564	3d6eb7ba5a3d0015ef7bc13559669822b6fb5fa8	2026-02-11	Certora audit fix: L-04 (#25399)	UNREVIEWED			
565	f531d4321f0210add6e5796d53a8b0018841f9f7	2026-02-11	Certora audit fix: L-05 (#25401)	UNREVIEWED			
566	e79ff6eed1076fc4232f35e9e56c269b1a9f7d96	2026-02-11	Certora audit fix: L-14 (#25404)	UNREVIEWED			
567	a329bf07338628c491f3dbb29fb8bdf13e90f16b	2026-02-11	Certora audit fix: L-11 (#25403)	UNREVIEWED			
568	07719b68bfac94bd7481b190329010c487997ad7	2026-02-11	Certora audit fix: L-10 (#25402)	UNREVIEWED			
569	2adf3845064a4f612073c86e9c3331833d1452c9	2026-02-11	rpc: remove dead code in reader (#25400)	UNREVIEWED			
570	3d2c959a2c49c6f5313db481b99bb578d274968e	2026-02-11	Fix error message matching in tests	UNREVIEWED			
571	28c2dc551a04f8a25c97e954f2d23e2b8568282d	2026-02-11	Split failure count	UNREVIEWED			
572	b16a5e2d6aa0045acbbfe527412d52c599fd4de7	2026-02-12	Update Deepbook Docs (#25424)	UNREVIEWED			
573	6a6046e81f9e91864b55e71f8d12e1ca9d67018b	2026-02-12	docs: Misc site fixes (#25426)	UNREVIEWED			
574	23e0e495fdb83196d6f966776b4145abbca3583c	2026-02-12	[move][cleanup] Fix some release build warnings (#25437)	UNREVIEWED			
575	e5b13459e4a6d3a99361c5c49751bc4ed2824f3a	2026-02-12	impl Tracer for &mut Tracer (#25410)	UNREVIEWED			
576	b250096b4e71d45d27d1aef1c79f3766931b5711	2026-02-12	Enable ephemeral --dump-bytecode-as-base64 (#25082)	UNREVIEWED			
577	602a46a46d3b612fb519f8bc0597ea962c699ebf	2026-02-12	sui-indexer-alt: add timeout error tracing (#25219)	UNREVIEWED			
578	df75a84c17959dae26313631aa49290c9a446f54	2026-02-12	[Move] Ristretto255 group ops (#25321)	UNREVIEWED			
579	515ed5897355859563409ef14099d18647c00517	2026-02-12	Set watchdog timeout to 60s (#25447)	UNREVIEWED			
580	fe46d1438f248cecb3af654270825f483613001c	2026-02-13	Don't overwrite MSIM_WATCHDOG_TIMEOUT_MS (#25448)	UNREVIEWED			
581	6ae3ef05d360177e693a7f46cc4fc74e55c3b690	2026-02-13	Fix simtest build with tidehunter (#25446)	UNREVIEWED			
582	b26b71b23a0649bda59a432bb63c18d684f3d5c0	2026-02-13	Move post_process_one_tx off critical path and batch index writes (#25346)	UNREVIEWED			
583	68db897d77a197e1b3cddbd7a295fedd5cc11797	2026-02-13	Add per-commit binary logging for congestion control (#25398)	UNREVIEWED			
584	655576caa3d7faaed39ebbc15d1bcc91d0761aee	2026-02-13	Move ristretto to v112 (#25449)	UNREVIEWED			
585	3ee7423ad00efcb3b42893b7603a5a30c2db6cf9	2026-02-13	Sui v1.66.0 Framework Bytecode snapshot (#25461)	UNREVIEWED			
586	253e76c16142c42fc7c6d8979cc19886ac2ab451	2026-02-13	Add support for multiple address types to discovery protocol (#25306)	UNREVIEWED			
587	e3406bd4d9fda99ab28bb014e88f9778bec13cd8	2026-02-13	Sui v1.67.0 Version Bump (#25462)	UNREVIEWED			
588	e9c5d59ee86e3f854c96232fc1b7733998bee251	2026-02-13	fix(indexer): improve ingestion client arg validation (#25434)	UNREVIEWED			
589	9a6d1bc9925ade12f0778005489d02738300d67d	2026-02-13	docs: Add additional build error checking + fix all misc build warnings  (#25441)	UNREVIEWED			
590	21c7520a08a795880f9530eb05871a0330d78d77	2026-02-13	docs: remove unnecessary spelling CI check (#25466)	UNREVIEWED			
591	cd7adf3ac9f1bbbd4a98c30ddd962ffae9140307	2026-02-13	Additional schema changes per pull/25143 (#25438)	UNREVIEWED			
592	1a48bedd78292113431bb05f8ef40eda9d3b5107	2026-02-13	Add V2 bridge CLI commands (deposit-on-eth, deposit-on-sui) (#25378)	UNREVIEWED			
593	87665b0614ff7f3d0d443e386a6d03b0e380ae0a	2026-02-13	reader: increase bigtable/kv client max decoding size (#25465)	UNREVIEWED			
594	2ff70117ac00a1093a69403b3c34dff4d4508ed9	2026-02-13	[graphql-alt] Handle transaction execution/simulation errors as BAD_USER_INPUT (#25261)	UNREVIEWED			
595	a5f471eb7099d6178daf02f162ab19c6e3b1af49	2026-02-16	Add default timeout to sim_tests (#25483)	UNREVIEWED			
596	ca2d6aa0a66bfd73774260d08921299c5fc6efaa	2026-02-16	Fix EventServiceClient connection hang in authenticated_events tests (#25482)	UNREVIEWED			
597	36fe351327d23dddf08b9e160a9f6eb20dd75c9b	2026-02-17	removed unused .gitmodules entry (#25063)	UNREVIEWED			
598	0653df00711b95319c3e340703f86ef12c0e2899	2026-02-17	[cli] Fixes pretty printing for tx output (#25480)	UNREVIEWED			
599	5b84642b11f5c97ee185362c1e049a4774ea0434	2026-02-17	add protocol config to kv store (#25467)	UNREVIEWED			
600	fc8be700f021a5def82b8d397a272206bc4a314c	2026-02-17	[docs] chore: update hello world frontend page (#25493)	UNREVIEWED			
601	08d5d54c4fa14077c2b633984f91d420910f8e16	2026-02-17	Skip wait for settment tx key if already executed (#25408)	UNREVIEWED			
602	1fe80ff91198d2d44b409db59608b71fe0ce5ec0	2026-02-17	bigtable connection pool (#25495)	UNREVIEWED			
603	77206e08eb2c0929d57e4daa91cdc9d5e5ea1a61	2026-02-18	[move-ide] Fixed diagnostics display on first open (#25500)	UNREVIEWED			
604	c19e916de408767804b4cf60f2f0a12abdd9bfd9	2026-02-18	Add staking cluster test (#25367)	UNREVIEWED			
605	2e0cf5a2230814edd56eaeb3665cb5f982aad796	2026-02-18	docs: Revise/Reorganize Concepts and Guides 'Accessing Data' sections (#25331)	UNREVIEWED			
606	a163a920cc7083d87f187439582a2c06c78c5374	2026-02-18	Relax assertions in composite workload (#25518)	UNREVIEWED			
607	8b4767a3d3537dd70c69b8f2403ede0e58269674	2026-02-18	Clean up address balance test boilerplate (#25384)	UNREVIEWED			
608	573888c3bbfa0f898960fc6d12658da279da2850	2026-02-19	[tidehunter] objects pruner (#25391)	UNREVIEWED			
609	a686ec77de8f8549fcc846273ee422ef9e5d1cb1	2026-02-19	Add package data to kv store (#25494)	UNREVIEWED			
610	fa796ad07bad0c0d1b963ba53783c7e39b92541b	2026-02-19	ge bug (#25492)	UNREVIEWED			
611	df0b148729803516be77bcb8581b57f69f459db2	2026-02-19	[jsonrpc-alt] Migrate to read from consistent-store instead of `obj_info` (#25159)	UNREVIEWED			
612	6ea537732dbdcb3ad1c40732d5297bc3b33e3021	2026-02-19	docs(graphql): remove "future functionality" call-outs (#25532)	UNREVIEWED			
613	3bd472c11b3a52a808e0cc562a4d81d41ca02492	2026-02-19	chore: update prometheus (#25535)	UNREVIEWED			
614	77a42de4be99383b98518541e0c6002d720cafc8	2026-02-19	Revert "[consensus] use fifo compaction by default (#25314)" (#25537)	UNREVIEWED			
615	97266946487f72311672c83fb8b0bb4a417c4fbf	2026-02-19	Remove SchedulingSource enum and all references (#25515)	UNREVIEWED			
616	1a14d82f81c829fea67b6378bda4be6608f6f54a	2026-02-19	Debottleneck indexing framework (#25498)	UNREVIEWED			
617	62ede0dbd7bbff53cb297440bf9c507a63ff4f97	2026-02-19	chore: update num-bigint-dig (#25536)	UNREVIEWED			
618	03e6ae4599573cac47f5b602781245aaef440a06	2026-02-19	increase MAX_PENDING_ROWS for busy pipelines (#25543)	UNREVIEWED			
619	e2d1b344d71de04f17a186c343c956a62f382695	2026-02-19	[move-ide] Added tests for references (#25506)	UNREVIEWED			
620	028cab899820b91a5fe1f5873fa3058895689270	2026-02-19	Concurrent pipeline rate limiter (#25542)	UNREVIEWED			
621	2343ea58f33fe01972d32ba1f2463eff3522d92b	2026-02-19	[tidehunter] Use new batch API (#24947)	UNREVIEWED			
622	54b5a7006dd8c5771c85b36986f0b3bbc02ace79	2026-02-20	runtime configurable pipeline knobs (#25523)	UNREVIEWED			
623	2829f3a0dc8ee29566bbb923c9ffd32d28b88562	2026-02-19	Add address alias testing to composite benchmark workload (#25428)	UNREVIEWED			
624	266201c9f4d5c05fe5ecf86d3564093f5e8dd536	2026-02-20	[test] Add retry logic to all gRPC client connections in authenticated events tests (#25511)	UNREVIEWED			
625	fac14acf88f0a726f8d09f7fa9e748fdd41f930b	2026-02-20	docs(indexer): update checkpoint type in framework examples (#25534)	UNREVIEWED			
626	f387d1378612ae9d12ba5f18665edcd25730d05b	2026-02-20	Decouple cross-pipeline lag and ingestion channel size (#25505)	UNREVIEWED			
627	14f9035784b8fbdde667fd9fbbd5f2645944ffa7	2026-02-20	Use single validator in RPC tests (#25520)	UNREVIEWED			
628	c57a1c7e994b53ccb19ecf75090f8ab385e26daa	2026-02-20	feat: Add gamma prime aws cognito provider (#25488)	UNREVIEWED			
629	5aa4d10909838b3d2f582542d54e68312842f80d	2026-02-20	Composite workload: wait for alias tx in checkpoint before advancing (#25551)	UNREVIEWED			
630	6d6c29e2c7f4a35da8a16f048af86418f012248e	2026-02-20	Clean up collector loop (#25547)	UNREVIEWED			
631	57fbaeec2287e86406471d9ae59724d43116fc8f	2026-02-20	[docs] [graphql-alt] mention unpruned indexer pipelines that must index from genesis (#25433)	UNREVIEWED			
632	4734f649499c1fc72ec199f5a462a35ec1775f1b	2026-02-20	Update tidehunter to b112cb0ef42845eff46803fb6fa964d3c17e2eae (#25545)	UNREVIEWED			
633	977a4223a8d83eafcc6a3d115d001d5be05f5998	2026-02-20	docs: Misc docs site render fixes (#25552)	UNREVIEWED			
634	69b8f2343833e2c87209b5c30de490bd5e8df884	2026-02-20	docs: Add page for Deploy Dockerized Nautilus apps to Marlin (#25533)	UNREVIEWED			
635	be206f28c37f93af1965304b41a435d2ce86b8c0	2026-02-20	[move-compiler] Fix a crash when public(package) processing involves pre-compiled modules (#25469)	UNREVIEWED			
636	eecefbe7a8882bdcb8e124e0ce72cc0859e68976	2026-02-20	Use tidehunter commit pool for large batches (#25554)	UNREVIEWED			
637	3a5fd2a0aceb0e17b054dd055b7bdb4153b003e8	2026-02-20	[move-compiler] Fix Pack/PackVariant ICE. Fix `assert` arity ICE (#25525)	UNREVIEWED			
638	74e2b611a3dcd559b3e359d320b276f87a40dc6f	2026-02-20	enable address aliases on mainnet (#25556)	UNREVIEWED			
639	485d83658b8070aaf2073ed882a316e3939a59a0	2026-02-22	use zero address for move build --dump (#25074)	UNREVIEWED			
640	fdc32c36924b849d214eb7e63b4da1a5ff6f4b5b	2026-02-22	fix: Update guides.mdx (#25558)	UNREVIEWED			
641	2f31fcceb8449e7e8354e7eb05ec138496a3628e	2026-02-22	move conn pool size to cfg file (#25567)	UNREVIEWED			
642	a37744b208b7f7e5af25c617df13a180f8c05cef	2026-02-23	Reduce CI test output verbosity (#25557)	UNREVIEWED			
643	4393c7645e94c6b13c4008d8c74e7defb605b5c5	2026-02-23	Bump to protocol v113 and clean up some execution paths (#25585)	UNREVIEWED			
644	05d92edfbfa98131e692f1aa598e786bcf28687d	2026-02-23	dial down fanout (#25586)	UNREVIEWED			
645	b8d8cadb925848f8fc0077f81f17069f3aa16dac	2026-02-23	[move-compiler] Fix two crashes with macros (#25546)	UNREVIEWED			
646	83f49f719306dfa31d648fb791065aa70fa7057d	2026-02-23	[move][move-compiler] Fix #25451, #25452, #25454 (#25502)	UNREVIEWED			
647	45d4937faa509aae619b2af3af70a6e97741aa17	2026-02-23	[move][move-compiler] Fix #25349 (#25501)	UNREVIEWED			
648	9c6f11ef03385a91c7f85c7be43ab3a202cec3cf	2026-02-23	[cli] Fix client ptb output format (#25587)	UNREVIEWED			
649	0697f4038f7093d115c9bd968c059ee710ccf66d	2026-02-23	Fix sequence_key key type (#25590)	UNREVIEWED			
650	67710b8a2b230eb87f3729b5b99ec5500bca3bad	2026-02-23	reducing ingestion concurrency and channel size (#25593)	UNREVIEWED			
651	699c2c28de6fdb1e88f3cf866d8949f8757fdc13	2026-02-24	[chore] better prettierrc override for Move (#25569)	UNREVIEWED			
652	5fcbade49ca5b1b881dce95dde0872c595bcd385	2026-02-24	docs: directions to add new pipeline to indexer, reduce bloat (#25598)	UNREVIEWED			
653	7a2216d0da798bf5e3a3d3b4a8524c6c1f44b1b0	2026-02-24	e (#25597)	UNREVIEWED			
654	46311dfd970f15767f9cc28d0609b3f7cefa551c	2026-02-24	Skip alias testing in composite workload if disabled in protocol config (#25596)	UNREVIEWED			
655	74caa27542f332c0145a0db1fd56ef377e4cb8ff	2026-02-24	Defer transactions with unpaid consensus amplification (#25496)	UNREVIEWED			
656	2aaea19809586874172cf805411cdb9d7865c248	2026-02-24	Upgrade tidehunter to cfe208a25c348a170db82e7fcd1b1ebeeb409852 (#25602)	UNREVIEWED			
657	61c2f725b748a2dde35dcdad98d27206cd3432fc	2026-02-24	[antithesis] randomize checkpoint split limit for reachability assert (#25364)	UNREVIEWED			
658	d57dd1f54bb07e85af150b6a9fd47b3f42493ba3	2026-02-25	Fix safe_iter to return Err on deserialization failure (#25286)	UNREVIEWED			
659	93c1960480d790083e55702e947e27cac9978c33	2026-02-24	Add protocol-config skill for safe protocol config changes (#25522)	UNREVIEWED			
660	adeb47dc85191cb8a899c402407a97b15a168cd2	2026-02-25	Pass pending_checkpoint_signatures via memory channel (#25603)	UNREVIEWED			
661	8622f95ef9b844177d0bb39515bf1a9fce15a10d	2026-02-25	remove max pending rows overrides (#25591)	UNREVIEWED			
662	09ca4f61ac97873a084310efc67cb8fef26700a0	2026-02-25	Add discovery-shared address overrides to consensus (#25468)	UNREVIEWED			
663	8daea0e2d0a4ca86687b0d1bc683975d5185e930	2026-02-25	[docs] add dev only section for nautilus (#25610)	UNREVIEWED			
664	708e6c15799a66982b7d73867e0fed0527f16970	2026-02-25	Bump epoch time for per_epoch_config_stress_test (#25612)	UNREVIEWED			
665	4b0d84569af550ce4bed65ea065236e3bfcaae7f	2026-02-25	Support object funds in simulate (#25544)	UNREVIEWED			
666	7d2a6613f28b1228c0f706426ce13c3381f2a116	2026-02-25	[move-compiler] Fix more issues with decl field indicies (#25565)	UNREVIEWED			
667	e3b765c494257aff63f15c9aae4b74a31f36226d	2026-02-25	Speed up release builds with sccache and trigger walrus dispatch earlier (#25609)	UNREVIEWED			
668	05082b82dfae6b55044a0c5a7ee1cf41615ceb06	2026-02-25	Add daily sccache cache-warming workflow for release builds (#25617)	UNREVIEWED			
669	9f5fa50da00a750e0a53335727a26c9ec849d0fd	2026-02-26	Add sccache with S3 backend to CI workflows (#25620)	UNREVIEWED			
670	d842889c492f5bbbb5cc514dd8a36e7ee2dca854	2026-02-26	Fix network/status for pruned fullnodes (#25625)	UNREVIEWED			
671	278cdc886736ef6fc36716a17d71b1c410be834a	2026-02-26	[move][move-compiler] Fix wildcard match bug (#25615)	UNREVIEWED			
672	aced57c1985c624ce577cdf34fb821a85da6d462	2026-02-26	indexer level rate limiter (#25606)	UNREVIEWED			
673	63ee2024677fd23396c84f05ac775ba2f4b593bf	2026-02-26	[test] disable alias test in composite with mainnet protocol config (#25621)	UNREVIEWED			
674	1ad56a6b811dec8c7fc4409b77fd0a853f95825d	2026-02-26	Fix checkpoint queue drain-boundary commit logic (#25442)	UNREVIEWED			
675	10a574262115b78c0e840f0bde561b5530587ea5	2026-02-26	Enforce 10s minimum epoch duration for simtests (#25613)	UNREVIEWED			
676	6b9d51e46ed07e19a000972616892c0460812ffd	2026-02-26	[address-balances] reject Arg::GasCoin in validity_check (#25629)	UNREVIEWED			
677	80ad90e31980c0fb31a444fea75c6ec3573aab67	2026-02-26	settle early in consensus handler (#25530)	UNREVIEWED			
678	3ffadc8159ad9ffce9c65cbc720b2be9c88bf3c4	2026-02-26	Remove very slow test that is not doing much more us (#25633)	UNREVIEWED			
679	9fbd81b755023502657c61852c39e5a847a8a402	2026-02-26	[light-clients] enable authenticated events in testnet (#25102)	UNREVIEWED			
680	9256fbf2b41398ae5b0e4916a716d2d45fdb2f22	2026-02-26	docs: add auto-generated Awesome Sui Gaming doc (#25630)	UNREVIEWED			
681	1d0981942bed8ce567163589b40d63a495c3ff76	2026-02-26	docs: Auto-generate llms.txt and add compliance checks (#25631)	UNREVIEWED			
682	3ffa8cad3369caad2f5a8928766da5942bf88816	2026-02-26	Take the accumulator root as read-only in composite workload (#25614)	UNREVIEWED			
683	b38bca86f0323b3fe8b6b7f4ca0cd7ae7faebe4b	2026-02-27	Add ObjectBalanceOverdraw benchmark operation and instrumentation (#25227)	UNREVIEWED			
684	ecde3d1a966542bf0c0bd9a70aad2a6e3f956f18	2026-02-27	Sui v1.67.0 Framework Bytecode snapshot (#25635)	UNREVIEWED			
685	48d0a9bce8d79caea13a8e6e899c5c538c32e18b	2026-02-27	Consolidate tx checking in signing and simulate (#25624)	UNREVIEWED			
686	020318b7d33dc68bfa6abd6a54d9c655390c5527	2026-02-27	fix: update OpenRPC insta snapshot in version bump workflow (#25637)	UNREVIEWED			
687	e23cc4bb0215ec065785a19772f22eda8ada14ae	2026-02-27	Sui v1.68.0 Version Bump (#25636)	UNREVIEWED			
688	48877121671c0eef5b20eaea92b10cfdb6bba2e2	2026-02-27	Make system object input checks default-deny (#25627)	UNREVIEWED			
689	b062bda6f322776c4c2bae01ff722afdc74a33c3	2026-02-27	Make sccache setup gracefully degrade on transient failures (#25640)	UNREVIEWED			
690	e9223f73a82e610eb829694f7ef27aca61cf4f3f	2026-02-27	Fix some things for testnet expensive checks (#25639)	UNREVIEWED			
691	9341dbb8fce76bcb22fce78dae52bb3d50cb4abd	2026-02-28	refactor: unify version bump into standalone script and workflow (#25654)	UNREVIEWED			
692	7ae53892029b7a3d2588cfd14fc82641d6261a06	2026-02-28	ci: harden version-bump.yml input validation (#25655)	UNREVIEWED			
693	86741b2d4bda4ef923813f6eac0b4bdab1d9cdfc	2026-03-02	fix migration mode initialization bug (#25662)	UNREVIEWED			
694	107c5fcc3d9cb56e670d449855d189c490fd9426	2026-03-02	Disable defer unpaid amplification (#25663)	UNREVIEWED			
695	f695f07600edf0f81b08739c8f36f566f9d61c7c	2026-03-02	ci: pre-build tidehunter binaries on release branch push (#25664)	UNREVIEWED			
696	998b8f84c1348713c3849b33070b6870d4434d62	2026-03-02	Add MMR section to event streams docs (#25634)	UNREVIEWED			
697	d053daef2b14681167279d2795ea0501641c56ed	2026-03-02	[address-balances] improve address balance validity test coverage (#25619)	UNREVIEWED			
698	053dc7ebc05db137bb0a6b1ebb5fc4b75483640a	2026-03-02	ci: enable sccache in External crates workflow (#25667)	UNREVIEWED			
699	1b50e041d8d9fc6b741ae889bd0ff197e9274089	2026-03-02	[light-clients] cleanup, harden tests (#25642)	UNREVIEWED			
700	d7a46f4d91353dd703837448a5e161078c1ba644	2026-03-02	[light-client] put authenticated events on sui-docs site (#25638)	UNREVIEWED			
701	d0df835a44b2933f8beed163b542b040322bae3d	2026-03-02	[antithesis] add auth events to composite wl (#25618)	UNREVIEWED			
702	d02989e8ea88a9dbe8418e6c12af8ca513e631bf	2026-03-02	update anemo version (#25666)	UNREVIEWED			
703	9ab1aaa258683ca155ac780d43cec36e1a431072	2026-03-02	Deepbook margin doc updates (#25669)	UNREVIEWED			
704	ab68b8abdfc35e83c8becf4acdfd72f96ead8465	2026-03-02	Enable address aliases on mainnet in protocol v114 (#25674)	UNREVIEWED			
705	70209096e611d76bef12d487ef5dce47b631c376	2026-03-02	[move-cli] Remove last dep on old tracing implementation, and migrate tracing from env var to per-invocation trace files (#25672)	UNREVIEWED			
706	b7f20cb217943cec0843a33e1e438b75ef198fa0	2026-03-02	[tracing][move-vm-runtime] Remove old tracer and debugger in the VM (#25673)	UNREVIEWED			
707	8fbe031dd03eb8a3ca87969657b5c5bac42c64b5	2026-03-02	ci: fix sccache setup failing on fork PRs (#25675)	UNREVIEWED			
708	4d05d08049622f37dc539e97e73c1c845a6a1a4d	2026-03-02	Disable randomized checkpoint tx limit in authenticated_events_multiple_commits_per_checkpoint test (#25678)	UNREVIEWED			
709	67aa18388da446d0775665f3e4efceb3b6265e16	2026-03-03	[cherry-pick] Fix some things for testnet expensive checks (#25639) (#25680)	UNREVIEWED			
710	99c647d6d452cefc947e4b8c7f8a9de71db53161	2026-03-03	[test] replace bitmask flags with string-based operation identifiers in composite workload (#25683)	UNREVIEWED			
711	6d6f67e669c0dfb7d6d5d9518ea09b3935d095c9	2026-03-03	docs: Add address balances migration guide (#25524)	UNREVIEWED			
712	a3ed886baf6d995133caf399e868e653f6d1f1f7	2026-03-03	Add ExecutionFailure to ExecutionStatus Failed Variant (#25555)	UNREVIEWED			
713	224e6f1f12f6e96865048f91a46765ebdf447c65	2026-03-03	add doc for address aliases (#25022)	UNREVIEWED			
714	4458cbe7bbce4d7bb4e77844d1caf14d20136c84	2026-03-03	ci: fix simtest nightly SSH session drops with detached execution (#25684)	UNREVIEWED			
715	7ebef32993c408b2cc9ee251c1cb6a51fcbe0674	2026-03-03	graphql: MoveValue.asVector (#25479)	UNREVIEWED			
716	e50c3fe5ae2b3c43a42f9d25743386ba87bb150c	2026-03-03	Fix balance changes for address-balance-backed transactions (#25685)	UNREVIEWED			
717	5da15b2170ebd4c8bb5afa0ffef643c85758ecac	2026-03-03	[move] Remove old metadata in snapshot files (#25693)	UNREVIEWED			
718	8bdfbd2a45c24e2a59c4a952a91a6602c9e1732a	2026-03-04	[graphql-alt] Add SignatureScheme union with simple signature types [1/n] (#25657)	UNREVIEWED			
719	f35e50f2340375fb5b0630c712715f41017f209d	2026-03-04	[graphql-alt] Add ZkLogin and Passkey to SignatureScheme union [3/n] (#25659)	UNREVIEWED			
720	ccd748b645148b736291b848815c0b0620e33fd9	2026-03-04	display: Support `$self` meta variable (#25481)	UNREVIEWED			
721	b4ef6dd96c0f6a281a0fee220f2eaf5ab77fae2c	2026-03-04	graphql: better consistent watermark warnings (#25695)	UNREVIEWED			
722	f765bcc8fd145fb7d495a5c26fc605cc992c23c8	2026-03-04	Add USDSUI token and pools to DeepBook docs (#25687)	UNREVIEWED			
723	75f077e0799f61964e22bfba76cbeffed68f20d4	2026-03-04	Adaptive concurrency controller for ingestion and processing. (#25641)	UNREVIEWED			
724	7e26e7476fe320744e4ee77f459a53e88d2d48a3	2026-03-04	fix(ci): use GitHub App token for auto-merge so CI triggers on branch cut PRs (#25694)	UNREVIEWED			
725	93f3daa963d287c05999629f1e7306686c3c9021	2026-03-04	operator docs (#25682)	UNREVIEWED			
726	4befa9e8ff744c9a2f81945f665bd3c4b15abf01	2026-03-04	[test] Fix flaky test_consensus_commit_handler by yielding in check_empty_for_testing (#25686)	UNREVIEWED			
727	7f128b7974d0ee6ae8903862315ba738d6de25f3	2026-03-04	sccache-warmup: add missing commit_sha to failure notification (#25701)	UNREVIEWED			
728	8ed3da1c4fe3f716a535cc447f60a2fcac169ab3	2026-03-04	More `main` ground work for `bella-ciao` landing (#25699)	UNREVIEWED			
729	c05de326ee64bac031ae0b330aad95675aa9a439	2026-03-04	[hardening][address-balances] Additional checks for address balance gas payments (#25648)	UNREVIEWED			
730	624dc94a0b0503f08693731cbd48e03e40db11c8	2026-03-04	[trace-view] New file hash format fix (#25705)	UNREVIEWED			
731	947fa325a6f8a2627ec5bc843fd07c2571e87988	2026-03-04	Gate accumulator balance read stats check on address_balance_enabled (#25670)	UNREVIEWED			
732	84831b187111d1a604b6f834c89010104f5c18f1	2026-03-04	Add ImmutableObjectRead operation to composite workload (#25646)	UNREVIEWED			
733	c4a3778f39f8b2b689894162a2cb8b0788b5936f	2026-03-05	[address-balances] Additional tests for gas usage (#25647)	UNREVIEWED			
734	9a783fde8ad1b3a3f47af1ff361d5e374f1c3439	2026-03-05	[move-regex-borrow-graph] Improve perf with a custom graph (#25422)	UNREVIEWED			
735	97e246f6a080abe20bc4edcc1e14a95495d6cc36	2026-03-04	graphql-alt: scan apis (#24900)	UNREVIEWED			
736	42112ebfe716d85128a553132c710162d47f330b	2026-03-05	Revert "graphql-alt: scan apis (#24900)"	UNREVIEWED			
737	c6cd3eaecf1d1d478da4ee46b2b1ec79587590d1	2026-03-05	docs: Add "Read this first" section to address balances migration guide (#25708)	UNREVIEWED			
738	177b8924f9b2bf67910f15720109159849da2462	2026-03-05	Disable tx amplification from bench driver (#25713)	UNREVIEWED			
739	fc97ac0a2f7408c0defb4bef0bd70ede5b50ab07	2026-03-05	More cleanup on `main` for landing `bella-ciao` (#25721)	UNREVIEWED			
740	a52ef37a516fa07198274fcab9273852e58e19ad	2026-03-05	[move][move-compiler] Fixes #25455, #25457, #25458 (#25691)	UNREVIEWED			
741	d89cc341c79ad22f937f2135a07ff416fcaa0635	2026-03-06	[graphql-alt] Add missing ZkLogin fields to match gRPC interface [4/n] (#25696)	UNREVIEWED			
742	663723f2625508f82b25517b581afa82294c282e	2026-03-06	Remove error from ZkLoginVerifyResult (#25715)	UNREVIEWED			
743	a05b35434723a4995b5dae58572d2d2883b25696	2026-03-06	[move-ide] Added support for module extensions (#25409)	UNREVIEWED			
744	949691f4d795bae4cdfb77bd9a752dd972879c43	2026-03-06	[move-compiler] Avoid IO when no artifacts are generated (#25712)	UNREVIEWED			
745	8590a8a14d4a460d97fcb692824fc8f572e971ab	2026-03-06	Relax ValidDuring requirement for transactions with owned inputs (#25564)	UNREVIEWED			
746	9ad89fa253790a7f6ed2261a6488929e1216b4a6	2026-03-06	docs: Fix auto-gen'd card lists, shuffle content, add Related Topics module (#25724)	UNREVIEWED			
747	e3039f3fc6b7174b279b48aab9e14109e72e9400	2026-03-06	docs: Remove outdated related link lists (#25732)	UNREVIEWED			
748	a0a246bb8cc10fec095e137950858a623ef16cba	2026-03-06	Remote store operator docs (#25702)	UNREVIEWED			
749	cc660f33a3c681212dbd84242c4da6936bda6fc0	2026-03-06	docs: Update style guide (#25733)	UNREVIEWED			
750	4c1bf5603130b56d0a590427556f258f6713de35	2026-03-06	docs: Compliance checks for llms spec (#25734)	UNREVIEWED			
751	324c65096723b6b8424e4545e958c2cb4dac479d	2026-03-06	Validator metadata tests (#25731)	UNREVIEWED			
752	c5c84fd5ea23fd7c156215927c21fdb079977633	2026-03-06	docs: Improve llm.txt generation (#25738)	UNREVIEWED			
753	954d631c0f0aa7f2e391d72fdee7b785db21ec95	2026-03-06	docs: Fix llm compliance CI (#25736)	UNREVIEWED			
754	03a8010fca0594d7cee616552e7e4ded7c824c88	2026-03-06	Add gas validation fuzz and edge-case tests for dry-run and dev-inspect (#25692)	UNREVIEWED			
755	10170e537cc871618e73369800a3f1cfd3884753	2026-03-06	Rosetta Address Balance Support (#25623)	UNREVIEWED			
756	05a254bc31a87b979c3d0ad20e9fb80392ed6e4f	2026-03-06	[tidehunter] add sleep before removing per epoch dbs (#25740)	UNREVIEWED			
757	1ff45e276f52342564adde5bb331649658f17494	2026-03-06	[move][move-compiler] Fix constant ICEs for self-referencing and cross-module constants (#25595, #25650) (#25730)	UNREVIEWED			
758	a957b0f0ccb5d0575b39327d686f47d00684f119	2026-03-07	docs: Refine CI job for LLM tests (#25735)	UNREVIEWED			
759	4e6afdf2dc6002cece070dcf2c82527491e4d3e5	2026-03-07	Move defer_unpaid_amplification=false from protocol v114 to v115 (#25743)	UNREVIEWED			
760	a3322901cb2ff7de7d289a16b6852f6208ee9853	2026-03-08	Remove assertion_line metadata from v114 protocol config snapshots (#25757)	UNREVIEWED			
761	13330ca14f57d3a4f115bee11a191b93a153308e	2026-03-08	[move-compiler] Fix sui mode id_leak reachable unwrap (#25746)	UNREVIEWED			
762	f86ebf9fcac7ad107c31fd3e6ca2e6eb07c65e07	2026-03-08	[move-compiler] Relax asserts in borrows/mod.rs  (#25745)	UNREVIEWED			
763	82614aec4758b017e73b9ed0ff5902a8c970fd4b	2026-03-08	Speed up transactional tests by ~50% (#25758)	UNREVIEWED			
764	6ee0fb4901ce85512fb4508eaaffae269497cf8f	2026-03-09	docs: fix Address Alias page on sidebar (#25755)	UNREVIEWED			
765	5124c9673a9df943e4738198528f8b576e48659a	2026-03-09	Go back to 1 bigtable connection for readers (#25763)	UNREVIEWED			
766	55fcf9c1691b871f8ea14f3fb763104bc1d6451a	2026-03-09	docs: Remove unused CI job (#25756)	UNREVIEWED			
767	43c4f15d7caba14b3c9351cd9e29b14fb0ca8e3d	2026-03-09	docs: remove duplicate files (#25754)	UNREVIEWED			
768	aef2aa632b161223cec751751efeae18ee153fb1	2026-03-09	docs: Style Guide entry for ports/variables + skills file (#25751)	UNREVIEWED			
769	7974b54a41cc3ccec2ea908288024feb4b77a235	2026-03-09	docs: cleaning up script locations (#25749)	UNREVIEWED			
770	cd7d29fbd27f009cc9c216633c7cb189626bc008	2026-03-09	docs: adjust Concepts sidebar  (#25752)	UNREVIEWED			
771	36d3e4cb4fb073d61ebee5485194a3e46d5bcb75	2026-03-09	Revert "[tidehunter] add sleep before removing per epoch dbs (#25740)" (#25759)	UNREVIEWED			
772	7ddac5214c8ae427342f735a79bcbf3fae5c339c	2026-03-09	jsonrpc: compute gas from accumulator events for failed ab transactions (#25644)	UNREVIEWED			
773	b10ad9881ded8b9fe7a8442e6b7e72718b60c9c5	2026-03-09	chore: update quinn-proto (#25762)	UNREVIEWED			
774	ed52127b6aa6297d13f9215408ab0d042c5af5b7	2026-03-09	docs: Display V2 migration guide for dev announcement  (#25767)	UNREVIEWED			
775	7fd871b729c31b61a81c9fb3b56914c408dc7418	2026-03-09	docs: Update display-v2-migration.mdx (#25768)	UNREVIEWED			
776	fa9eab2cfa1b7ca648354ba42bf579f747adc7b8	2026-03-09	[framework] Display Registry (#23710)	UNREVIEWED			
777	c49568b3570b05a4d491906c1f292fc7dfe992b8	2026-03-09	docs: Update display-v2-migration.mdx (#25769)	UNREVIEWED			
778	4722b2af6a6ee8cd66f9fe109d487db657d69641	2026-03-09	Rename ExecutionFailureStatus to ExecutionErrorKind (#25710)	UNREVIEWED			
779	dc73efd65e59a16699af8615870efe77db0848d6	2026-03-09	[move][move-compiler] Match tests and fixes (#25729)	UNREVIEWED			
780	7fc33d10ae75fbcb9fc7a6f9dbe8b8981f96d67a	2026-03-10	add ingestion layer for ingestion config (#25780)	UNREVIEWED			
781	309d966a8cfec1b088462e15877bfe1756cdb636	2026-03-10	display: avoid holding hash map lock while fetching objects (#25783)	UNREVIEWED			
782	5b9cddcbb7aed091139f40add8d22c4c8dccfb90	2026-03-10	docs: Update Rust SDK mentions (#25782)	UNREVIEWED			
783	18873ac3c45e576f0cf98ce85a1506a51772ef70	2026-03-10	graphql: uninitialized watermark is considered unhealthy (#25778)	UNREVIEWED			
784	1213c9ac947018ad11e1e52e066ee921b65b9f69	2026-03-10	registry/display: GraphQL integration (#25242)	UNREVIEWED			
785	9da886b697cd1480d9957d92510cd9ec95f2ceca	2026-03-10	indexer: log and track processor retries (#25776)	UNREVIEWED			
786	853ffa64614fd3556f3bc5c3696989b756ec7c13	2026-03-10	display(jsonrpc): prepare for Display v2 (#25358)	UNREVIEWED			
787	056596fada7926aad1a849625d44fe77e6637a77	2026-03-10	registry/display: JSONRPC-alt integration (#25359)	UNREVIEWED			
788	273f9393478c22ae5690add9d5fde187ffb51d93	2026-03-10	fix(jsonrpc-alt): fix type mismatch in display field response (#25787)	UNREVIEWED			
789	6f6e522a2b22a5c6cad7ce967e12631c426f8351	2026-03-11	easy(display): clarify Store trait contract (#25786)	UNREVIEWED			
790	951cae315d8b252131836a331bcc16b89eb340d6	2026-03-11	registry/display: JSONRPC integration (#25360)	UNREVIEWED			
791	d1f9e1927107497295d549ae8117b53f225aeadc	2026-03-11	display: abstract written json value type	UNREVIEWED			
792	9118879afc08560adca637edfd566f607627cc89	2026-03-11	display: impl JsonValue for prost_types::Value	UNREVIEWED			
793	592703ded266e947dd8dfc224a59b70b15375c0d	2026-03-11	grpc: integrate display v2	UNREVIEWED			
794	8017bfe25d57a302b191405a0719157c3fda3a9a	2026-03-11	Verify balance change amounts in JSON RPC test (#25789)	UNREVIEWED			
795	7da6cbcf6913015d4144f05de58df523a40623fb	2026-03-11	Remove unnecessary --simulator usage in transactional tests (#25770)	UNREVIEWED			
796	4f8ee2381d34dad7117ad07687ec75bdc7b405f2	2026-03-11	Gate checkpointed transactions index check on enable_secondary_index_checks (#25726)	UNREVIEWED			
797	fb3b45c207a41329e35c5b4183b9754ed9cdeabd	2026-03-11	Verify exact balance change amounts in JSON-RPC test (#25719)	UNREVIEWED			
798	71167747ffaa6a3ab68938d8f357a5755f231259	2026-03-11	Normalize formula to be a more consistent shape and match the new VM  (#25798)	UNREVIEWED			
799	fc75182812cc6b0dab0ce0cd67820d6bed66200d	2026-03-11	Release kvstore image to dockerhub (#25797)	UNREVIEWED			
800	7f9b58a19efc7bc652c21415ad5912311a1dfc58	2026-03-12	[tidehunter] safe_drop_db: await LOCK file (#25794)	UNREVIEWED			
801	39751ed24f825eede5a8f12d6ea1f92caf1d0337	2026-03-12	Update ingest-concurrency docs (#25803)	UNREVIEWED			
802	401ad00eed8878383f64d2f9d7d6669f903cce9c	2026-03-12	docs: Enable Kapa MCP server (#25804)	UNREVIEWED			
803	9eba66a3375e853a21561f70493e427519f6659e	2026-03-12	sui-analytics-indexer: rename ComitterWatermark to CommitterWatermark (#25802)	UNREVIEWED			
804	6a4d8a97e745a41785adf6c433dd628822a2fd70	2026-03-12	docs: Display V2 (#25753)	UNREVIEWED			
805	5cd8aaffe80ab847b2dea48cda8332029cb1767e	2026-03-12	[tidehunter] sui tool support (#25661)	UNREVIEWED			
806	a9ffe23fae7097d1641644c1b59b2e2308320410	2026-03-12	ci: use app token for git push in branch cut script to trigger CI (#25813)	UNREVIEWED			
807	a968cff1704429517f80f3b9195bd801ffeb2945	2026-03-12	Clean up /tmp between simtest phases to reduce disk usage (#25806)	UNREVIEWED			
808	4754e3ca255ed00517ec3ba504087fadb1438a36	2026-03-12	sui-indexer-alt: init pipelines to checkpoint_hi_inclusive = reader_lo - 1 (#25774)	UNREVIEWED			
809	f5452ecf5c8d5b2761d8b7f62e817c15615f0c3a	2026-03-12	[move][move-compiler] Remove IR prover ops (#25817)	UNREVIEWED			
810	999bd3b8fa80a6ad5145f27fccc45db0516db739	2026-03-13	Refactor gRPC metrics path handling (#25788)	UNREVIEWED			
811	3551a83b24e22d585737f6d8df62f80ef922cb33	2026-03-13	Sui v1.68.0 Framework Bytecode snapshot (#25820)	UNREVIEWED			
812	c2c850c1abf3cf17c0ec7906f9cf933eb20fb034	2026-03-12	Sui v1.69.0 Version Bump (#25821)	UNREVIEWED			
813	ec68d78170218545de19ee8a6785fcb8cff0e4a2	2026-03-13	Adds protocol configuration check sample code to the address balance migration guide (#25823)	UNREVIEWED			
814	83a312cfae2d0b266606e416f6377790e65e65d6	2026-03-13	[sui system] stricter metadata validation, cleanup (#25792)	UNREVIEWED			
815	9677f335ed5da52264355c61d750f0b75fe160f5	2026-03-13	Early exit for transactions that never entered execution (#25808)	UNREVIEWED			
816	7366cd84154bde55eec30db918514c013d5a12f2	2026-03-13	Cut execution v3 (#25830)	UNREVIEWED			
817	99aea43a51aae3053af33b7d382ae72150aede23	2026-03-13	Store trusted peer addresses received via discovery (#25765)	UNREVIEWED			
818	243adfe8f233f405e74755960d336fcc9b8a78af	2026-03-13	docs: skill file for Sui Style Guide (#25833)	UNREVIEWED			
819	5995b46b9222947458ccf1c2ea53fd9c5292613e	2026-03-13	sui-indexer-alt-framework: remove out of date comments (#25829)	UNREVIEWED			
820	a015ded73f0e727a99766a1481512fac6f2fc416	2026-03-13	docs: initial batch of diagram standardization (#25835)	UNREVIEWED			
821	a553aea7e45ced7e33b6cbcd13ac59fb826ae399	2026-03-13	docs: fix docs-cli-help.yml (#25836)	UNREVIEWED			
822	95d4d09cc82987eedb5c6f4c5beb37628fd63c73	2026-03-13	docs: fix ci job (#25839)	UNREVIEWED			
823	3ddee599a338ce50813605d9aeabbd88c18412d2	2026-03-13	docs: Replace CLI output with node script (#25840)	UNREVIEWED			
824	e26398c83b1c2fe713c63faa918fcaa2e8abd340	2026-03-14	[state-sync] Disconnect continuously failing peers (#25357)	UNREVIEWED			
825	2e6af369702eae6cdda606e9cb5af0ef03e1a260	2026-03-14	refactor(indexer-alt): use query! macro in prune handlers (#25824)	UNREVIEWED			
826	7b09a5a9da45660b529d6bede8e8977490767e2a	2026-03-16	[move] Add and enable the new VM (#25838)	UNREVIEWED			
827	9f57d2585cdc91b842dcf0d387aa38953b459d8e	2026-03-16	consistency: remove legacy `x-sui-checkpoint` header (#25847)	UNREVIEWED			
828	70c1708d23e0248e9b78383bbdd8cc851f50ad50	2026-03-16	[graphql-alt] transaction contents return balance changes for kv readers too (#25411)	UNREVIEWED			
829	71bc8caa45e3f0366e6b21b2599813379293f1d7	2026-03-16	[move-unit-test] Update default gas used for sui-move unit tests (#25853)	UNREVIEWED			
830	d52225f7ce11f9534b39e9550c2503fb7d1facb9	2026-03-17	[Block Streaming] introduce the Observer service and the client (#25527)	UNREVIEWED			
831	d38fa41e9b082bfe2b044ce37ec850650b84e859	2026-03-17	sdk: bump sui-rust-sdk crates to e5c53de (#25852)	UNREVIEWED			
832	9b3ab24da1a5a2950c928d97949e1a8b3e41073b	2026-03-17	docs: Stage IA for new Coins/Tokens/Nft section (#25851)	UNREVIEWED			
833	1a41c59c453162e3886e6b3f31de077e0d6039d5	2026-03-17	docs: Batch update March 16 (#25856)	UNREVIEWED			
834	f9e37f5f2d3a69b7db87ae9c7da99f92c7d0c8de	2026-03-17	docs: fix grpc render (#25855)	UNREVIEWED			
835	8a748ca4dfc1354bdd71695aa232fdda3b1087a1	2026-03-17	docs: Update DeepBook docs to match latest SDK and indexer APIs (#25864)	UNREVIEWED			
836	67116b973a27681a51282d05774888d27e9127f9	2026-03-17	sui-indexer-alt-framework: rename fetch to checkpoint (#25834)	UNREVIEWED			
837	8583c8a83f28ffbc2b73105c75bb99847880acf3	2026-03-17	Add ConsolidateAllStakedSuiToFungible construction operation (#25849)	UNREVIEWED			
838	4dab2807aa5bcc8880a0d4a95cc208b1fc34d83a	2026-03-17	[sui-execution][chore] Simplify after execution cut (#25868)	UNREVIEWED			
839	7c3ac9a118f75c6ef36b09e89320de8f48e6c2fb	2026-03-17	Add FungibleStakedSuiValue sub-account, epoch timing, and activation epoch (#25848)	UNREVIEWED			
840	bdc7c6a97a204f4d7c6a2d8b27978c5b9e87c766	2026-03-17	docs: afdocs compliance (#25869)	UNREVIEWED			
841	43cd04db4445e72faf3af65b7a1d325f105aba37	2026-03-18	Do not emit invariant violation when randomness update execution lags (#25872)	UNREVIEWED			
842	8b519b9f1c42f2ae0a8b0b177d53612a620a26d6	2026-03-18	sui-indexer-alt-framework: add init_with_committer_watermark util function (#25814)	UNREVIEWED			
843	999705a45034932bd887cbf50ab11e1412d4d2df	2026-03-18	Add MergeAndRedeemFungibleStakedSui construction operation (#25850)	UNREVIEWED			
844	11d91935d43ae431d84ec750d7389fcfba59e275	2026-03-18	docs: More AFdocs fixes (#25876)	UNREVIEWED			
845	138a043c39f93b6e579e9a785063a4cb87a09ee4	2026-03-18	[sui-transactional-test-runner] Add `view-funds` command (#25877)	UNREVIEWED			
846	93f7ebef2eabedd06ba112a228645d4458dca5bd	2026-03-18	docs: More AF docs fixes (#25880)	UNREVIEWED			
847	96ea9367e60d81658a596de212bfb2b79b046f74	2026-03-18	docs: Add SUIUSDE and USDSUI asset scalars to indexer docs (#25805)	UNREVIEWED			
848	dcd4e5469c1dfbfae4d9bbf011a146913919a42b	2026-03-18	docs: More fixes for AF docs spec (#25883)	UNREVIEWED			
849	89b58bc27a382a638babb21664cc063ecc8a934f	2026-03-18	Delete consistent pipelines code from sui-indexer-alt (#25679)	UNREVIEWED			
850	f0db64979faa17bbbf22a69cc91b4c92aebd37aa	2026-03-18	[move] Introduce TraceType-based filtering for Move VM test traces (#25885)	UNREVIEWED			
851	50d1482f322298c03c2c03d59d07b3e4f4628d5f	2026-03-18	[forking-stack] add APIs to simulacrum for forking 1/5 (#25841)	UNREVIEWED			
852	f05ef1a758695d338d3102874d67f3e7c45a6e46	2026-03-18	Skip lock existence check during snapshot restore (#25888)	UNREVIEWED			
853	afb0bd2eafd34050abf9b34bfaa283dcbd473db0	2026-03-19	[Block Streaming] introduce the Synchronizer & CommitSyncer clients (#25528)	UNREVIEWED			
854	b92076e71ae32119bfe5e6f062d8dfb2439dddf2	2026-03-19	docs: fix excluded pages from llms.txt (#25886)	UNREVIEWED			
855	f7f18ad6ca4f7e8b61c678884a06679f1c3419e5	2026-03-19	docs: Permissioned Asset Standard docs  (#25773)	UNREVIEWED			
856	05211ac1d397cd1c4680782d374428c3c0eddf88	2026-03-19	Extend --gas-payment to support object() and withdraw() syntax (#25837)	UNREVIEWED			
857	8105a02cbdb78ceabd341cadc41b48e5454e76bf	2026-03-19	docs: remove slug frontmatter for AF docs redirect test pass (#25892)	UNREVIEWED			
858	a1f7032dd6ca2fe39549177ad99746a170850e6b	2026-03-19	[move][move-compiler] Add tests around index syntax in extensions (#25871)	UNREVIEWED			
859	6e34fcd31f963d97f6e77dfd694bf5bed983c6f1	2026-03-19	docs: add links to OZ packages (#25897)	UNREVIEWED			
860	c5990320ab2d32053b1bd317571969485c5f236c	2026-03-19	[sui-exploration] Unify address payment and gas smashing logic (#25728)	UNREVIEWED			
861	d4a4404632877f54b38255b103e3ab72247d0b81	2026-03-19	docs: Fix redirects (#25894)	UNREVIEWED			
862	598ec60ec22fed37ebf3fe5713f9469cbe3628f4	2026-03-19	Merge randomness transactions into regular checkpoints (#25889)	UNREVIEWED			
863	5d633be1b3347d521587e5f7feb85d902e6b46e3	2026-03-20	sui-indexer-alt-framework: add chain_id to IngestionClient (#25895)	UNREVIEWED			
864	a8b4775b33b2654f75296dd6c2933ca4bfa4c95e	2026-03-20	[sdk] update interface for verify_personal_message_signature (#25891)	UNREVIEWED			
865	86118c002aedc46cbb150c0638f490815b1d22e0	2026-03-20	Better bigtable connection pool. (#25887)	UNREVIEWED			
866	bb9b84dab7ab5bf67a4663b8959e88384ec2da80	2026-03-20	docs: fix content length for last afdocs test (#25902)	UNREVIEWED			
867	9d2ef282676f9f331078bcd1a985a090f996101c	2026-03-20	grpc: fix X_SUI_CHAIN_ID header to return full 32-byte id (#25908)	UNREVIEWED			
868	4822c2a953923208715a5fcfe8acaae4c98f0850	2026-03-20	cherry-pick the fixes from 1.68 release branch (#25911)	UNREVIEWED			
869	4ff696883dc5a6d03eb534f20fbf05061e36c46d	2026-03-20	docs: fix truncate for auto-gen release notes/awesome sui (#25912)	UNREVIEWED			
870	73ca96e6eb5d1914ab6c1268659472ebe4a31454	2026-03-20	fix: trailing code block (#25915)	UNREVIEWED			
871	b684ddc64518c59a423f4cbc908288890eabff26	2026-03-20	docs: Add Wallet docs to support Coins, Tokens, NFTs IA revision (#25878)	UNREVIEWED			
872	8eadf0119287c5c439f5244da9de9f94b78486ff	2026-03-20	invert v3 execution engine to match from_balance_change semantic (#25910)	UNREVIEWED			
873	528a2ec0711ed9dd2ba0a2a11b22394c9f869157	2026-03-20	docs: document Display v2 $self access (#25920)	UNREVIEWED			
874	7592347b39f9c4d23b391e5a7deaf50bd80d36d2	2026-03-20	[move-ide] Windows path handling fix (#25903)	UNREVIEWED			
875	db714f9fd8fd471318ac8ebff1b639a4842847df	2026-03-20	indexer: track skipped and out-of-order checkpoints during streaming (#25924)	UNREVIEWED			
876	3de77debbe839d251647482026be27928ab174cb	2026-03-20	test-cluster: deflake wait_for_authenticator_state_update (#25914)	UNREVIEWED			
877	5a43536ab147574ecc385dfa205f39d37bab401d	2026-03-20	sui-indexer-alt-framework: add chain_id to CheckpointStreamingClient (#25905)	UNREVIEWED			
878	3e263e01ff537cb97357f3c633b572ab8f05612c	2026-03-20	[test] fix checkpoint rate test flakiness (#25926)	UNREVIEWED			
879	007a1c639f0dc48f62ff022debaa6376c1d1e468	2026-03-20	Delete fallback reader code (#25927)	UNREVIEWED			
880	bc800745500795ddebe615913af99b2ccbe3b12a	2026-03-20	Stop writing (most) legacy kvstore data (#25931)	UNREVIEWED			
881	c86d1843db547cd919b88a11661ff05218c0c774	2026-03-20	[grpc] Fix LINKER_ERROR when rendering JSON for newly published packages (#25923)	UNREVIEWED			
882	5db3efd7ec8e7aa2fd7c46b9a3ba4d03329acb42	2026-03-20	Call force_rebuild_control_region after snapshot restore (tidehunter) (#25899)	UNREVIEWED			
883	f4fd5118673c1ed5672bfc46c64823249f1d5f7a	2026-03-21	refactor(display): RpcVisitor Writer -> Format + Meter (#25919)	UNREVIEWED			
884	24b8801b331f191c2419ce0fe2b962c8dc7dba88	2026-03-21	tidehunter: tuning improvements (#25932)	UNREVIEWED			
885	0ae285b8a4a00ecece16f179d2c3cb36e236afb1	2026-03-21	add additional no-op tidehunter check (#25934)	UNREVIEWED			
886	31bc1e1dc450753b91baba1b5c20fab1652c2848	2026-03-20	[chore] Fix cargo-deny issue. (#25936)	UNREVIEWED			
887	cc7fa41e51ada93dc241a999870e4f3cbbff5d51	2026-03-21	display: support fetching derived objects (#25921)	UNREVIEWED			
888	e9d05465de8e10944546b40d8c2c64d4f812f885	2026-03-23	docs: Nautilus dev tools page (#25928)	UNREVIEWED			
889	4ede66971dd0ff5885136ac4ba9b05b0d4ee1a9a	2026-03-23	[simulacrum] cleanup (#25933)	UNREVIEWED			
890	09c832a8707f2c5dc39b6abe61fcbab8a813b69c	2026-03-23	docs: Graphql GA (#25949)	UNREVIEWED			
891	7c7e923e6b547bc4caea2e7ab4d0b2518048f0f8	2026-03-23	Fix for party owned coins (#25947)	UNREVIEWED			
892	ffb0c2f4c128bd24eb1865bbfd945c9380c258a7	2026-03-23	Index V2 bridge events with message_timestamp_ms (#25421)	UNREVIEWED			
893	7e2672a14349b20f0ff35775969d43edb5932db0	2026-03-23	docs: Fungible tokens docs (#25929)	UNREVIEWED			
894	d5e5898a627573115af43895cf468a6eace54812	2026-03-23	docs: fix link (#25951)	UNREVIEWED			
895	eb7b34884ec9d1cba05c9f16f0a76b26484174b3	2026-03-23	docs: Add SDK link (#25952)	UNREVIEWED			
896	1ec8959dc1c505fea2f83c63a8d0e0c57510e2b8	2026-03-23	fix(eth-bridge-indexer): shrink block query range on RPC -32005 error (#25944)	UNREVIEWED			
897	04fab8f2f096537887aa593194264f4f3acde322	2026-03-23	[benchmark] Merge gas coins on startup to prevent fragmentation exhaustion (#25954)	UNREVIEWED			
898	fd1dd6139d5d97058d71789dfc72dea9cd37e6f6	2026-03-24	Parallelize bulk_insert_live_objects during snapshot restore (#25904)	UNREVIEWED			
899	e6d26d495af1ce35b9b3e2c42a088dd79ce28587	2026-03-23	Coin reservation / address balance backward compatibility layer (#25818)	UNREVIEWED			
900	ddf2a8d0214bfa8a06e540bad681027b26fea7b5	2026-03-24	graphql-alt: add tls config to FN client and enforce URL validation (#25963)	UNREVIEWED			
901	dd227a9182a89a3d1921d87175fd31c937263b37	2026-03-24	[light-clients] index authenticated events using counter (#25946)	UNREVIEWED			
902	82b30eb87141f5e9daf4a31d8fc5a67f77dd053d	2026-03-24	 fix(kvstore): decode balance_changes and unchanged_loaded_runtime_objects from KV store (#25828)	UNREVIEWED			
903	efd31cd30ccf1ee57f566a74684401e272202e37	2026-03-24	[test] Add gRPC channel to TestCluster to deflake e2e tests (#25943)	UNREVIEWED			
904	7c8aea40ba6fef081c20ea3346d97a9301abb348	2026-03-24	fix: redirects for coin-mgt + dev-tools (#25965)	UNREVIEWED			
905	2547379124e2235a96cee108b6ea82f2a929c205	2026-03-24	fix(cli): display decoded fields in sui client object instead of raw BCS bytes (#25862)	UNREVIEWED			
906	f9f541ccfcd164ae57e092aa5e82afb0b6fb16b2	2026-03-24	fix(sui-bridge-indexer-alt): derive token_transfer status from event type (#25958)	UNREVIEWED			
907	2defe01e8b80f5e08ef892669ca9b0216b2203b5	2026-03-24	[consensus]  Decouple consensus config from core sui crates (#25938)	UNREVIEWED			
908	a9e9a9ee9c9fffae8c005e8a6a62264ea8b6d435	2026-03-24	Parallelize flush_transactions_from_dirty_to_cached in writeback cache (#25937)	UNREVIEWED			
909	108d93a3aa4804b7709648921e7cf2e8c4672e2a	2026-03-24	docs: Coins/tokens example patterns (#25953)	UNREVIEWED			
910	d573477a1ff4c45ddfb8e759293f0780575fb705	2026-03-24	[sui-cli] Add send-funds command with address balance support (#25962)	UNREVIEWED			
911	2265f3d6f881912e018140c35c3ef7b94c746b78	2026-03-24	[bella-ciao][hardening] Bound a number of recursive callsites (#25941)	UNREVIEWED			
912	bb43cdb168729d3224820026254862ca91bdeeb7	2026-03-25	Wire up transaction read masks to Bigtable Client (#25966)	UNREVIEWED			
913	3f64b763617b9a1e1dbb582c43c42862652ebb63	2026-03-25	feat(tidehunter): EpochMarkerKey with cfg-gated fixed-length serialization for object_per_epoch_marker_table_v2 (#25970)	UNREVIEWED			
914	a48275f7952f4891d9e25051348dad926307f6b9	2026-03-25	[move][tracing] Update tracing to support not generating unneeded values internally for sparse traces (#25900)	UNREVIEWED			
915	258b5eb1198bcb32a2329576774e7f963db72fc9	2026-03-25	Introduce ExecutionErrorTrait into sui-execution (#25509)	UNREVIEWED			
916	48bd935a0ef289d388586e9df9ded41c619c515d	2026-03-25	Wire up object-types (#25976)	UNREVIEWED			
917	aad474dea116a5a541a134125fb277988510e7f1	2026-03-25	[tidehunter] Use Db::drop_db in safe_drop_db, skip force-delete when tidehunter configured (#25978)	UNREVIEWED			
918	8041b18362e2e0458f0fd4975e41a7dcdf008e81	2026-03-25	[move][move-core] Bump binary version minimum to 7. (#25857)	UNREVIEWED			
919	d48fd053d4c87e2083aebe97ef6245de7cd2d71a	2026-03-25	feat(sui-bridge-indexer-alt): add gRPC streaming support (#25983)	UNREVIEWED			
920	daf9511c8339490cd65f820ae57b3df27b63ec93	2026-03-25	feat(sui-bridge-indexer-alt): flatten IngestionClientArgs for GCS support (#25987)	UNREVIEWED			
921	583c80237dd26d71bf3b27df8ef8e3255722d8c0	2026-03-25	[move][coverage] Improve performance of coverage map generation (#25901)	UNREVIEWED			
922	6f787be69f1d7bcc8ca27844fba981d84a03241b	2026-03-25	Update rpc provider indexer stack setup docs  (#25968)	UNREVIEWED			
923	55760061f43cb1d5115c8f7081ce62f44148c089	2026-03-25	[docs] Fix non-public entry docs. Various improvements to PTB docs. (#25913)	UNREVIEWED			
924	4698f4c07af4d4b4877f58f4bae4d753fe087871	2026-03-25	JSON-RPC support for serving fake coins (#25916)	UNREVIEWED			
925	4d6f8de17b2937a9395592fd601dbf8de047c2ef	2026-03-26	sui-indexer-alt-framework: verify indexer uses a single chain_id (#25875)	UNREVIEWED			
926	2b873ee66a321d8b3e4af6ca63e86b29fb0991c8	2026-03-26	Use seeded RNG for validator selection in TestCluster (#25990)	UNREVIEWED			
927	2533f2ee8d460875dafb90bd2b146b85ceb80187	2026-03-26	[state sync] migrate to new bucket format (#25925)	UNREVIEWED			
928	49997589c8d901be70453b225876e1ad205fc9d1	2026-03-26	[docs] fix derived object example (#25992)	UNREVIEWED			
929	9dfd5467cd1c12a95f5a2833182c697d6b6c8f64	2026-03-26	docs: remove 2024 (#25982)	UNREVIEWED			
930	f0b1157db16249e460b1e7fbd2c2a038e1c20ab2	2026-03-26	Add sui-kvstore and sui-kv-rpc to CI cluster	UNREVIEWED			
931	e141348e101c4ce94928ba5a3970864413eadd92	2026-03-26	Render event/object json in archival	UNREVIEWED			
932	7d7b5a4a862cf68f8c3b96bed78d274c32bb41d8	2026-03-26	Wire up more archival read masks to the bigtable requests (#25989)	UNREVIEWED			
933	1d145863da7d619d555b649f340a9c6acd5dcdb9	2026-03-26	docs: add SVG diagrams to PAS architecture page (#25993)	UNREVIEWED			
934	8af98c51c4d68269d5c54dc834a7566b4c98f035	2026-03-26	implicit gas and coin reservations in get_funds_withdrawals() (#25984)	UNREVIEWED			
935	a2cb9b3288d07e96b01715fc60de9a276d525511	2026-03-26	Spawn node for new validator in voting power decrease tests (#25995)	UNREVIEWED			
936	20d905208acddee28110b6aa320c3aacfe101262	2026-03-26	docs: PAS change restricted diagram (#26002)	UNREVIEWED			
937	6db3f7f086d74eb17776e76723ac1896c2dc6d1e	2026-03-26	GRPC simulate: prepend coin reservation when GasCoin used with address balance (#25957)	UNREVIEWED			
938	ac08beaf9da4b2eea159095e9aff066df40c410b	2026-03-26	[address balances][ptb] Allow the gas coin to be sent via `sui::coin::send_funds` (#25956)	UNREVIEWED			
939	62d30c0650b85ae5ab88d723b633cbdbcec8cec5	2026-03-26	[chore] adds prettier-move tests for tree-sitter changes (#25999)	UNREVIEWED			
940	f40e850c3916e6219ef41a7dfce624487783527b	2026-03-26	fixed external resolver parsing (#26003)	UNREVIEWED			
941	abafb7fc737aa99df460186fea10b9e74eaca737	2026-03-26	fixed issue with git commands on windows (#26005)	UNREVIEWED			
942	89667441f40273e072dc5cdf091cfdfad902c2b5	2026-03-26	Fix error message that is reported when building if the active environment isn't defined (#25444)	UNREVIEWED			
943	ab8f83b30b582615c99f873f84992fd2c563233b	2026-03-26	[move][docgen] Add support for nested bullet points in doc comments (#25870)	UNREVIEWED			
944	e7f744bb4437ff1daa0caa67d4069fb8f3b155f2	2026-03-26	[gasless] support gasless transfers of balance (#25356)	UNREVIEWED			
945	11f03c853cbec9a9142df31721702a0865cf26d6	2026-03-26	Fix coin reservation panic during checkpoint replay with MVCC (#26011)	UNREVIEWED			
946	9ca3d0f12bf261aab327bd14dfa060bd14495c9f	2026-03-27	Fix gasless test helpers compilation in release builds (#26016)	UNREVIEWED			
947	3ad0ff00af03003ea46d1e7b7fed714371c927f3	2026-03-26	Update party objects simtests (#26015)	UNREVIEWED			
948	a6d32d34bb8e01047eca44e9e62001639090b9a7	2026-03-26	Allow consumption of input coins for gasless tx (#25859)	UNREVIEWED			
949	8812c22233b30d8f48178af5e9d7ff2b2aab8f76	2026-03-26	[move] Update charging around receive to be more uniform (#26018)	UNREVIEWED			
950	f8024baa75086db5a440d98247ecfd3d1ee90c73	2026-03-27	docs: Fix logo and remove office hours (#26014)	UNREVIEWED			
951	3cacbc7cdce3ef4a14a32b077a860394254364ce	2026-03-27	Panic if pipeline is an an unrecoverable state	UNREVIEWED			
952	ce48b647670fbfba4f1ae801848f716594ea9f2e	2026-03-27	docs: add Dev Tooling page (#25967)	UNREVIEWED			
953	37be7478af674671a6919a8dc7a82ae0174a9df2	2026-03-27	[effects] switch gas_object method to optional (#25974)	UNREVIEWED			
954	7d37be86950a3b11c37392efb5d4095412005b30	2026-03-27	[consensus] use FIFO compaction outside of mainnet (#26010)	UNREVIEWED			
955	c496d9fee91d8b71caded8468f7c96424bcf0976	2026-03-27	Enable coin reservation compatibility layer for testnet (#25971)	UNREVIEWED			
956	85400e2bd37b490fcd057776e700d3fdca643396	2026-03-27	Restrict unused inputs in gasless transactions (#26008)	UNREVIEWED			
957	75c6431f055df374e3422e43fa2492963b42edce	2026-03-27	docs: style guide updates (#26024)	UNREVIEWED			
958	9eaf47af244a7e256dcf1cf81102365becccd9c8	2026-03-27	Sui v1.69.0 Framework Bytecode snapshot (#26026)	UNREVIEWED			
959	08500756541c6fd66c81a59d1af1d819e997a189	2026-03-27	Sui v1.70.0 Version Bump (#26027)	UNREVIEWED			
960	5eec71f40c7351652e51cd5200782378201f6225	2026-03-27	Improve &str to Digest error message (#26017)	UNREVIEWED			
961	65c38a11f5ee2a2cf849b2c276d58483c6967bbd	2026-03-27	[adapter][hardening] move to `safe_unwrap/safe_assert` in natives (#26023)	UNREVIEWED			
962	70e9e7b87f856af5766c2e630a30c0cde1116d38	2026-03-27	sui-indexer-alt: make Indexer field behavior consistent (#26007)	UNREVIEWED			
963	92f612b4d8c68c3d442a5b71818f1aeede7aaf30	2026-03-27	docs: NFT doc revisions to support new IA (#25981)	UNREVIEWED			
964	392e6448cdcbdc3ad2f46bfd01cb0d7dea187882	2026-03-27	[move][cleanup/easy] Macro hygiene cleanup across Move crates (#26030)	UNREVIEWED			
965	2405958e1839011959fd8f85a386d3a46497f94b	2026-03-27	[std] mul_div + mul_div_round_up macro (#23295)	UNREVIEWED			
966	b889b4d1bf1cdf15b6899eea6ce94ad3ca9985c7	2026-03-28	[core] enable defer unpaid amplification  (#25867)	UNREVIEWED			
967	03abf91f474094afa6b51d713238b1588a264287	2026-03-30	[Block Streaming] observer client & tests for the observer service (#25477)	UNREVIEWED			
968	b940e55f7c615fba5b3b2d63a710d94e59ab08f2	2026-03-30	[move] Remove `safe_unwrap_err` and make `safe_unwrap` generic over result type (#26031)	UNREVIEWED			
969	591ac7c96a2877709479724edeea7038d01f064b	2026-03-30	[rpc-alt] add address balance backward compat layer (#25760)	UNREVIEWED			
970	8a866b804e6b1008de776e12df7a5f629e0fdf41	2026-03-30	sui-rpc-resolver in Analytics Indexer (#26041)	UNREVIEWED			
971	54e640f65d70ba7f1fa280c458671b381d687ec7	2026-03-30	Count gasless tx for DoS protection (#25866)	UNREVIEWED			
972	54e968c16008f7fe0c10a91275f4f472ea483b84	2026-03-30	[e2e] fix test_alias_changes flake by waiting for enable tx settlement (#26043)	UNREVIEWED			
973	44e12d2c78cf6724a80fc06828bfa89b98c8de8f	2026-03-30	Fix string parsing bug (#26047)	UNREVIEWED			
974	43bb8b615ce645c611a63f0ebd4f2729c3ee1ba4	2026-03-30	[move] Add additional argument checking in move calls (#26049)	UNREVIEWED			
975	92bc40908e2cd3a35255295fcde7d897f6e45910	2026-03-30	Fix pnpm audit high-severity vulnerabilities (#26053)	UNREVIEWED			
976	47cc0bb95fba0d3dcdd38632a7f8d6e748f4b5ea	2026-03-30	[move-compiler] Fix byte string escape (#26032)	UNREVIEWED			
977	3d600228564453e92a28369aa4b472528153d3f1	2026-03-30	[move-compiler] Fix temporary variable panic (#26033)	UNREVIEWED			
978	a9b74cd4fdf637173337f441cb4ea9e89fe5ce87	2026-03-30	[sui-framework][std] Added div_ceil. Deprecated `divide_and_round_up` (#26051)	UNREVIEWED			
979	59edc51ff2c18c07107e92aaf09acb9694acf717	2026-03-30	forking-store: land store architecture as a skeleton (#25917)	UNREVIEWED			
980	68c51af9659ca40904234f1929b67552f225a9a9	2026-03-31	sui-indexer-alt-framework: split Connection and Store traits (#25881)	UNREVIEWED			
981	7762131d328c3b8b49e9bf2040580e3663f32c95	2026-03-31	fix(docs): add lines prop support to ImportContent and fix OpenZeppelin code examples (#26057)	UNREVIEWED			
982	0101607fc5ea512e9d06a3a9265038cf68d27197	2026-03-31	Enforce minimum deposit sizes for gasless tx (#25882)	UNREVIEWED			
983	80dbe314274af3008be39808b245014494f3ce0a	2026-03-31	[sui-tool] remove sui-data-ingestion-core dependency (#26006)	UNREVIEWED			
984	511fb7d34db55bae22ddfe68aacfdd7084e57e6a	2026-03-31	fix release build (#26064)	UNREVIEWED			
985	73efc3be4ccf819cc5dfb38c10d301396ad75c94	2026-03-31	ci: add cargo problem matcher for structured build error annotations (#26068)	UNREVIEWED			
986	812fef6896ffce29c5a9c1f352269a00f2d6e289	2026-03-31	sui-rpc-api: cap the number of signatures in execute transaction (#26067)	UNREVIEWED			
987	718526a1a6db970e34b144a63cdd63948b396ab1	2026-03-31	Revert "[test] Add gRPC channel to TestCluster to deflake e2e tests #25943" (#26037)	UNREVIEWED			
988	383a983d2b14715a4299227920188aa62089a723	2026-03-31	fix(graphql): fix Display v2 scoping issue (#26061)	UNREVIEWED			
989	887d3a17f89ac367104cb4982ec0d93f4997611f	2026-03-31	[move-ide] Added activity indicator (#26054)	UNREVIEWED			
990	80af79ea6b5e18a23042fc7bda481e07472c7a8d	2026-03-31	[lint]fix clippy for tests (#26072)	UNREVIEWED			
991	137b12f337d790dcae827caa3dbbd56d22732716	2026-03-31	[sui-kv-rpc] remove sui-data-ingestion-core dependency (#26066)	UNREVIEWED			
992	c310c100db71c4d4f55fce2145ef90e206424716	2026-03-31	Remove backwards compat support for non-TLS connections to validator server (#26069)	UNREVIEWED			
993	46af964d7c2de243738d3553344e0ff18f19eda4	2026-03-31	fix(simtest): wait for tx settlement in party_object_read test (#26063)	UNREVIEWED			
994	4f9e4e05d431c5de924620f44feb50f6b46401bd	2026-03-31	[move-ir] Add labels to source map (#25766)	UNREVIEWED			
995	21a5ae30270cc67b3e331d7beb342be2d19c7e97	2026-03-31	sui-indexer-alt-e2e-tests: bump graphql_zklogin_tests graphql timeout (#26046)	UNREVIEWED			
996	d28a20f2894543c0fff424e090d4bc8c5b3400d5	2026-03-31	sui-indexer-alt-framework: CheckpointStream peekable, timeout (#26050)	UNREVIEWED			
997	984739397f9fc9f2891d9b82fd8c3bafb78db1c4	2026-03-31	docs: Enable new Digital Assets section (#26074)	UNREVIEWED			
998	1f1866dc70f1a1800ca595ee2a805b45ff96127a	2026-03-31	[grpc] protocol gate balance object refs in simulate (#26082)	UNREVIEWED			
999	ceb0bf788b8711eca37a448854db0421beb8d612	2026-03-31	[grpc] Fix tests and protocol gating around mainnet protocol overrides in simtest (#26084)	UNREVIEWED			
1000	82942c59ebb94f4f4c8ae494fed945e5f8eb4ee5	2026-04-01	rpc-visitor: unwrap `TypeName` (#26070)	UNREVIEWED			
1001	c4cd5380380746a937cdc0712052284188a4024f	2026-04-01	sui-core: index address balance recipients in jsonrpc index (#26087)	UNREVIEWED			
1002	0ca12a576b134deee16eebf37524bc0c1da1041f	2026-04-01	[Block Streaming] broadcasting the accepted blocks (#25549)	UNREVIEWED			
1003	5ce3eba9d21aea6f051be3c3306078d2bc572c41	2026-04-01	sui-indexer-alt-framework: reduce copied and pasted test code (#26080)	UNREVIEWED			
1004	192a628cc56fcd901af4330d91c123fe8f493187	2026-04-01	cleanup: remove now unused fields and no-op flag (#26086)	UNREVIEWED			
1005	52203ecc02e7a3fd810ed88c1fd24a3a99ba98db	2026-04-01	[consensus] probe before fetching commits and blocks from a peer (#26056)	UNREVIEWED			
1006	58590a4883fa42cbe5f23941187c886c9ce36dd6	2026-04-01	[consensus] remove consensus inflight tracking and fastpath certified status (#25319)	UNREVIEWED			
1007	3ac6f119a3ce41fccb9df0293a51e40ed6fadae3	2026-04-01	[move] disallow orphaned tables  (#26095)	UNREVIEWED			
1008	1cc9377f4f6646c89e85e257ff8509e6df11e945	2026-04-01	indexer: remove unused function (#26092)	UNREVIEWED			
1009	2bf0af8d8048b75d7d7e6e46cde1958c40e43481	2026-04-01	sui-indexer-alt-framework: replace futures::stream::Peekable with tokio_stream::adapters::Peekable (#26100)	UNREVIEWED			
1010	08740a5fd4f46df33dc6dda8b34056ce9a54e3fd	2026-04-01	jsonrpc-alt: gate coin reservation obj refs (#26102)	UNREVIEWED			
1011	896d11b841c6fec62221954dde1084a7277ccbe2	2026-04-01	Gate coin reservation JSON-RPC responses on protocol config (#26097)	UNREVIEWED			
1012	2a6083bafec7a791806866cea60f03fd2e1beb65	2026-04-01	Skip address balance ToAddress test when accumulators disabled (#26099)	UNREVIEWED			
1013	eb78ba29e6d62ee836f79de93b5c8346a9cd3d1a	2026-04-02	display: implicit `:json` transform (#26062)	UNREVIEWED			
1014	bc2c02c9f621ce810b98e991028524f4cf46eba0	2026-04-02	[light client] remove sui-data-ingestion-core dependency (#26113)	UNREVIEWED			
1015	0a1e37d9f99f6ebe30a527fb3ffd95b0a1f0dd9b	2026-04-02	docs: Technical Diagram Standards for Sui Docs (#26101)	UNREVIEWED			
1016	2409c793c8f6092d665d28030cfc68967e5fc4dd	2026-04-02	feat: Update gamma prime aws cognito provider (#26093)	UNREVIEWED			
1017	6a391733c6a07cda5d3c9939ef3ee306490d16bd	2026-04-02	[chore] Fix sui-framework UPDATE to not delete the existing files unless the build succeeds (#26106)	UNREVIEWED			
1018	9ae4df2ec0416c7b051b128a8a8d3bd23efbfe1f	2026-04-02	sui-indexer-alt-framework: make transient_backoff, retry_transient_with_slow_monitor helper functions (#26042)	UNREVIEWED			
1019	2aaedb4930089a7ba741b246a3f8377303267351	2026-04-03	Fix MISSING_DEPENDENCY panic for benchmarks that use Move stdlib (#26122)	UNREVIEWED			
1020	97af7b9a44b0b62645f2b8c8222aa8a1be245ff8	2026-04-03	[indexer-alt-reader]: Batch checkpoint and transaction event fetches (#26118)	UNREVIEWED			
1021	bafd093c8ab75e4dd16d1e574bb808d7fcd1a4e2	2026-04-03	[framework, chore] add proper deprecation notice in kiosk.move (#26124)	UNREVIEWED			
1022	a9773b63b34983935554286a637dc8a62b2233c8	2026-04-06	test for coin res with shared object (#26123)	UNREVIEWED			
1023	c457b39404511a02210a7b5a4dfe549670d8a498	2026-04-06	Update gaming.mdx (#26132)	UNREVIEWED			
1024	ffbf699bc89e0d16fbcdefdd9d459b1ca0ddb88a	2026-04-06	chore: remove deadcode (#25566)	UNREVIEWED			
1025	92cdfc7fe041bf824567e76995a5d5ef973bc6d6	2026-04-06	sui-indexer-alt-object-store: implement ConcurrentConnection for ObjectStoreConnection methods (#26133)	UNREVIEWED			
1026	89286c8e52b8b358b3bd895e40ec4ee2f991c742	2026-04-06	Add state archive read config to validator.yaml (#26136)	UNREVIEWED			
1027	404f123f44711212ac69f27762a49a57eb3454f0	2026-04-06	[move-unit-test] Fix linkage for unit test runner (#26137)	UNREVIEWED			
1028	f620dfc7c8d05e828e8f63bc5466b10ed4979e6d	2026-04-06	Add test for denied address withdrawal (#26142)	UNREVIEWED			
1029	340c2f6643730ca1693c1a74554cee3c06b198cf	2026-04-07	[consensus] remove block output channel from TransactionCertifier (#26143)	UNREVIEWED			
1030	d3a41ea2e45d530ba87bebd05af439329f70b651	2026-04-07	[consensus] fail over to block sync when commit sync makes no progress (#26021)	UNREVIEWED			
1031	715582d4e58d46aa7d7a5e7b153b0e9c99978f9e	2026-04-07	[gasless] Add gasless rate limiter (#25854)	UNREVIEWED			
1032	3214ac42f2a0ecdf14676eee53a3b44613f4fd47	2026-04-07	Replace debug_assertions with testing feature gate for test-only code (#26025)	UNREVIEWED			
1033	b11d7b977aab3ab79dc6f783555d1726c34b6ca7	2026-04-07	Fix simtest temp file cleanup to include dot-prefixed dirs (#26147)	UNREVIEWED			
1034	4a9af930d043cc9f9bf7a9438ee3f25e4d26e741	2026-04-07	fix gasless transaction dryrun and simulate (#26148)	UNREVIEWED			
1035	dd2cbb20741fc828b7d4ecbf0c1967271db8a982	2026-04-07	sui: ensure external keys files exist (#26107)	UNREVIEWED			
1036	f16ab04b6597b9c175bfc8255777fc6dd0af0dd1	2026-04-07	sui-indexer-alt-framework: treat ingestion client deser errors as transient across impls (#26096)	UNREVIEWED			
1037	d40b0d0711182de2605732a49cba1f07e007c5ee	2026-04-08	devx: add rules file for team style guidelines (#26153)	UNREVIEWED			
1038	c6bf4049115d45c8c674c357f84f41fcc22c4f0e	2026-04-08	[consensus] enable fifo compaction for all networks (#26149)	UNREVIEWED			
1039	7d6d5649236e05964cd7e1f2be28ed4b1783c392	2026-04-08	Improve `ExecutionTiming` for transactions with generated commands (#26125)	UNREVIEWED			
1040	e2459aab75cdc0a57e26bbd060a191b10bcc58a9	2026-04-08	[chore] Update fastcrypto pointer (#26157)	UNREVIEWED			
1041	53de0108098a9c041edc28ce4083f8dc9436a4d3	2026-04-08	[sui-analytics-indexer] Remove last usage of simple_deserialize (#26159)	UNREVIEWED			
1042	3a3ac018177cf71cef28be3f21957b74c6bc45be	2026-04-08	[move][cleanup] Remove some unused deserialization functions (#26160)	UNREVIEWED			
1043	69a93e4248e2c8363c06b2a8d1af4220183cf9b3	2026-04-08	Replace `zip` with new `zip_debug_eq` (#26126)	UNREVIEWED			
1044	eca15586d5649e5d1611a4df1c4563b09105b4cc	2026-04-08	Add example sui CLI commands to address aliases page (#26162)	UNREVIEWED			
1045	6670a46d6780b2dff005167436d5193440d6ccec	2026-04-08	[forking 1/n] basic skeleton + design docs (#26004)	UNREVIEWED			
1046	408bbec25c27157aafd13fca31075962d2415242	2026-04-08	docs: fix sidebar for address-alias page (again)  (#26163)	UNREVIEWED			
1047	63cb7f767409e0589a9d5265e55a727cb8a020b5	2026-04-08	docs: minor changes to Diagram Standards (#26164)	UNREVIEWED			
1048	b9b9628b2040de6b8f02af1e59d7a119dd4bbc10	2026-04-08	[sui-framework][std] Added additional `option` macros (#26085)	UNREVIEWED			
1049	b62e4bf94eaaf96cb2d42b643ba92847bbf57be8	2026-04-08	sui-indexer-alt: start indexing at network tip (#26116)	UNREVIEWED			
1050	f6a774c2b71765b0bad451efe9b5ca171438eb72	2026-04-08	Re-enable benchmark smoke tests in CI (#26155)	UNREVIEWED			
1051	675a96058d86e7598c21de44d966080f28365a15	2026-04-08	Fix flaky benchmark smoke test: lower --min-tps threshold (#26167)	UNREVIEWED			
1052	fc1bba9be45188caaa989d3928644cb62f0ab8da	2026-04-09	[chore] Update tidehunter to 7fddd55cf8cb27ee10803fb772d7618134a8d138 (#26169)	UNREVIEWED			
1053	97dae8a2fb64fa9aee4bc3695e31af11934deda6	2026-04-09	[move-cli] adds lint command (#26059)	UNREVIEWED			
1054	72993bd09d161b832cd170ed856271c489d314ee	2026-04-09	devx: include test function order in team style guidelines (#26172)	UNREVIEWED			
1055	412c8eca9612a87bc6f4592773ac5d46a3840883	2026-04-09	[sui-adapter][object-runtime] Fix Move abort for Receiving and mismatched type  (#26165)	UNREVIEWED			
1056	309e94d4fac2ff47b472b8e5c000ec7083447b40	2026-04-09	Harden gRPC metrics response handler against unexpected header values (#26187)	UNREVIEWED			
1057	c2428b3aaf9c24270b609001e56d96cb10c76d28	2026-04-10	sui-indexer-alt: revert #26096, #26116 (#26188)	UNREVIEWED			
1058	cbb36b5c59993fd8c2f76ff869d662709fc2a90c	2026-04-10	Sui v1.70.0 Framework Bytecode snapshot (#26190)	UNREVIEWED			
1059	5934ceca7dc8e16a1a0f8715632f704f7b9f18d4	2026-04-10	Sui v1.71.0 Version Bump (#26191)	UNREVIEWED			
1060	730ed4b589e9b7c535217e829a33be2ce76f1ed0	2026-04-10	[execution] Introduce ExecutionMetrics and plumb through execution layer (#26177)	UNREVIEWED			
1061	42f5be7a98f71397c55989dbbd36c65a10b405fc	2026-04-10	ci: prevent committing *.snap.new files (#26151)	UNREVIEWED			
1062	be9e86521ef73cb77d9becf3cc22bfba18c5a011	2026-04-10	[move-ide] Support for renaming (#26168)	UNREVIEWED			
1063	1b279692f0f94f72819560b227d9d6e52f72e34c	2026-04-10	sui-indexer-alt-framework: fix indexer startup during streaming hang (#26198)	UNREVIEWED			
1064	db627fa1c0797b75d6d2bb9ab2ff626a3a19a939	2026-04-10	[address balances] Rewrite coin reservation inputs for simulate and dev inspect (#26193)	UNREVIEWED			
1065	92989b44c3686c3017d2d95664e03c337cf4710a	2026-04-10	[move] Fix operator typos in safe_ops overflow error messages (#26131)	UNREVIEWED			
1066	cfc934818ea3a3ed233ffe5cc576e942dcf3f8a2	2026-04-10	sui-rpc-api: handle coin reservation ObjectRefs in resolve (#26127)	UNREVIEWED			
1067	7b29af4d801d8280cbdcee965c623b0ada1136af	2026-04-10	[rpc-alt] Use gRPC instead of JSON-RPC for Write API in sui-indexer-alt-jsonrpc (#25860)	UNREVIEWED			
1068	d37c972d2b035f9e46cff9f088ee86179a4922ad	2026-04-10	[sui][transaction] Sort simtest results by creation order (#26034)	UNREVIEWED			
1069	eccfad284a5508c1993e65b2c76ab4b7af9d4e28	2026-04-10	[chore] Update tidehunter to 44f3000, remove with_unloaded_iterator (#26189)	UNREVIEWED			
1070	0d2a61cee5e9f123229608b5edbe497c332eed0a	2026-04-12	Adding criterion benchmark for interpreter (#26108)	UNREVIEWED			
1071	496805de854f431b6de9d0b3cc644faf7f617472	2026-04-12	Fix double-counting of gas budget in select_gas (#26205)	UNREVIEWED			
1072	0a5d4e252d844b5dec6f8682dbcf53a39db33126	2026-04-13	docs: typo fix (#26209)	UNREVIEWED			
1073	e5a65b67e7f041f10567761149d93db5b3bcaf22	2026-04-13	[sui-tool] Fix validator connections in fetch-transaction (#26200)	UNREVIEWED			
1074	6852d8d19bcafaf473612e2ee26b6dd314d3cd2a	2026-04-13	Restore Universal compaction for consensus BLOCKS_CF on mainnet (#26184)	UNREVIEWED			
1075	9361d825b4695bac75952f815ae451a4f47108f2	2026-04-13	[forking 2/n] checkpoint querying in the data-store (#26134)	UNREVIEWED			
1076	0ffa28e5de4c0031b32d0ddab1a8587b10f0d42b	2026-04-13	gas data tests across execution entry points (#26179)	UNREVIEWED			
1077	712c7263297c01fce764e8f99c17150c9b8120f6	2026-04-13	sui-indexer-alt-consistent-store: implement accepts_chain_id (#26181)	UNREVIEWED			
1078	00c358bf2e32c8da40f2d4b93e49e70fef6a8883	2026-04-13	[forking 3/n] forking data-store and querying objects and checkpoints (#26140)	UNREVIEWED			
1079	845cccaa52477cabd5aed5303d248bf168c0b980	2026-04-13	[sui-framework] Macros for dynamic fields and dynamic object fields (#26166)	UNREVIEWED			
1080	4d51396825915eb6da4cd1d8e88735870b3fdfd8	2026-04-13	sui-kvstore: fix BigTableConnection init_watermark to use committer_watermark (#26225)	UNREVIEWED			
1081	f8e480a2a7acb2202ab35060b056dcb285b6bc92	2026-04-13	[graphql-stream] WebSocket subscription infrastructure [1/n] (#26019)	UNREVIEWED			
1082	a53f7c1321d016d4e2c826d7c85e210c0a76051f	2026-04-13	[graphql-stream] Implement checkpoint subscription streaming [2/n] (#26094)	UNREVIEWED			
1083	4942c476fb0a17ed1542026bca50cdeb6104e30b	2026-04-14	Implement verifySignature GraphQL query (#25863)	UNREVIEWED			
1084	f7dd71cf050ccedeaed4ba8f415646d055ee4810	2026-04-14	[graphql-stream] Propagate transactions fields for checkpoint subscription streaming [3/n] (#26117)	UNREVIEWED			
1085	d3c68da7dba2c383bfc56e4f3cf1d3a735d83bb3	2026-04-14	[move-stdlib] purge vector::empty and vector::singleton (#26196)	UNREVIEWED			
1086	48a132646a40b7141e1f60861c275af548167745	2026-04-14	display: differentiate between scoped and latest object loads (#26208)	UNREVIEWED			
1087	4e83aa63dcf7a9e0edebcf553e4b145df19772ab	2026-04-14	jsonrpc-alt: gate address balance object fallback (#26195)	UNREVIEWED			
1088	a3d1c66f47a5e619b8fe332de822949c5a47298d	2026-04-14	Address Certora audit fixes feedback (#26213)	UNREVIEWED			
1089	3544eced22dad8f140d5278ecdc04d2b669133ec	2026-04-14	[forking 4/n] wire up data store to simulacrum (#26154)	UNREVIEWED			
1090	b326870191ea7589a99ebdd7fafaf8e89bd1c4c0	2026-04-14	Fix integer test type mismatches (#26204)	UNREVIEWED			
1091	3882fcce7655c5962c73394785a33161c0edfda6	2026-04-14	[trace-view] Added support for reading large traces (#26223)	UNREVIEWED			
1092	eca7083e3dc1c5a3e19cb92f74f87022ddcb1ec1	2026-04-14	[move] compressed type layouts (#26000)	UNREVIEWED			
1093	e4436b250dc200934e14b395937477bc6c5d2d03	2026-04-14	[sui-framework] Clean up df/dof `exists_` and `remove_if_exists` (#26226)	UNREVIEWED			
1094	1a402413dba1096cef8fe85e27f164d0fc022033	2026-04-14	[sui-replay] Fix double-save of tx effects causing errors if `--overwrite` is not passed (#26243)	UNREVIEWED			
1095	2b92b8975890c42d4c766dc03840658150ef4595	2026-04-14	sui-analytics-indexer: implement accepts_chain_id (#26171)	UNREVIEWED			
1096	4bbea07155f8022ab8444c341a9ca97b27c39ab7	2026-04-15	[graphql-stream] Add object resolution to checkpoint subscription transactions [4/n] (#26170)	UNREVIEWED			
1097	a286fdb33b9aac12861bf7613d2b5659bbb5a04d	2026-04-15	Update fastcrypto to 5f87e04b (#26253)	UNREVIEWED			
1098	1beda9a2883290c75a135eb8dbde2e4f39d06608	2026-04-15	[execution] Add Move VM telemetry reporting to ExecutionMetrics (#26178)	UNREVIEWED			
1099	b4bd1f9f6dd50f9d5c98c23d362e18a3938cfdc3	2026-04-15	[indexer-alt-reader] Extract kv args to be shared by graphql and other readers (#26239)	UNREVIEWED			
1100	4ee7d76c2fe7a7567f6a21a66d4446d1b9a4c5dd	2026-04-15	[test] Drop redundant enable_coin_reservation_for_testing in simulate tests (#26255)	UNREVIEWED			
1101	399f54b4ee0a0b4737c19631ae667c641165f3e8	2026-04-15	[move-vm] Added additional unreachable reference tests (#26238)	UNREVIEWED			
1102	a5695d65dfc2d902066a4ef7c6c0d803e09bf8ed	2026-04-15	[consensus] remove block certification (#26144)	UNREVIEWED			
1103	ebac86fb5fd8e62f2fcecd359cc91a0ca90b3ecb	2026-04-15	docs: Sui IA restructure (#26241)	UNREVIEWED			
1104	3a2c517c03fa744d56b199980fe5197d0084b138	2026-04-15	[indexer-alt-reader] make FullnodeClient require execution client (#26240)	UNREVIEWED			
1105	25ff0acc38c12152d131e18db5c2b1f04e51ff0a	2026-04-15	docs: fix reverted changes (#26256)	UNREVIEWED			
1106	c84f8c5534ec8b3eb9d8ea64a7e217e6bc25c640	2026-04-15	Enable FIFO compaction on 10% of mainnet validators (#26217)	UNREVIEWED			
1107	31ba9cede6ebaacf9c5863cc854f132b3860ceaa	2026-04-15	[sui-indexer-alt-reader] Add gRPC metrics middleware and refactor clients to use it (#26230)	UNREVIEWED			
1108	bc8e900dc71f61397fbb50203ec4a691c156543e	2026-04-15	sui-indexer-alt-object-store: implement accepts_chain_id (#26247)	UNREVIEWED			
1109	53e047687b95801d103c60dfd673195dd1572d05	2026-04-15	[forking 5/n] add transaction store APIs (#26192)	UNREVIEWED			
1110	2aac6ea14af975c0b25f8224d6b33cbc09a6e924	2026-04-15	Fix watermark init bug (#26258)	UNREVIEWED			
1111	876ac2eb6a9bc07e1610667f910131013033c2f7	2026-04-15	sui-kvstore: implement ConcurrentConnection for BigTableConnection (#26150)	UNREVIEWED			
1112	ca31568261d1ecf95c7735564671235fa1a23b37	2026-04-15	[sui-indexer-alt-reader] Preserve FullnodeArgs inner `Option<Url>` (#26257)	UNREVIEWED			
1113	a1037692e2c3a09babd5d6c73afd37c70c98b056	2026-04-16	[sui-rosetta] Parse FungibleStakedSui operations on read path (#26251)	UNREVIEWED			
1114	ef16b0106b1058438137c68fbf0e7699a673d63c	2026-04-16	sui-kvstore: implement accepts_chain_id (#26262)	UNREVIEWED			
1115	776b75b424ab9f3005ffe7be4d9acacf45f19656	2026-04-16	feat: Enable gamma prime zklogin providers to prod (#26252)	UNREVIEWED			
1116	1bf0f5888b02326d44b05abdc6dbba75364d6e9f	2026-04-16	`simulate_transaction`: recommend 0 gas price for gasless-eligible tx (#26237)	UNREVIEWED			
1117	b4841737e40c15f4d35ad2b0ab7a1895a82e786e	2026-04-16	ci: add setup-mold composite action for faster Linux linking (#26267)	UNREVIEWED			
1118	a004abe96c79894475bb6cef746ba98677497e54	2026-04-17	Add address balance gas payment generation to transaction fuzzer (#26058)	UNREVIEWED			
1119	ab901ab7501594c07d90c2e5b997248848a2ee38	2026-04-16	external signer docs (#25281)	UNREVIEWED			
1120	931c3d9b96da98750c14e322b2c4675f511bba2a	2026-04-16	Revert "ci: add setup-mold composite action for faster Linux linking" (#26273)	UNREVIEWED			
1121	fc981af0fe21fa744e9cfb3cc043ff365c1612e6	2026-04-16	typed-store: fix safe_drop_db lock race in tidehunter builds (#26271)	UNREVIEWED			
1122	360d8e8f8fcaad6e85e26508bbee493b787113fb	2026-04-17	ci: resolve postgres bin dir dynamically for Ubuntu 22.04/24.04 compatibility (#26276)	UNREVIEWED			
1123	d49a15eb8cd1c65358fe5cf30d988c272fff74bf	2026-04-17	[chore] Update tidehunter to eab7323cafeab0873a09172b12223f1539bd6fe2 (#26272)	UNREVIEWED			
1124	d4662d77c8466b7dad89d44869c94f3902c8af97	2026-04-17	[Block Steaming] Introduce the ObserverSubscriber (#25939)	UNREVIEWED			
1125	3e2948110cf405654f7c6a21abe756592c11d836	2026-04-17	fix: misc redirects (#26280)	UNREVIEWED			
1126	8584309160a861be6a501c0bbb62dc3a5bc0db0c	2026-04-17	[sui-protocol-config] Add #[skip_accessor] attribute to protocol config macros (#26254)	UNREVIEWED			
1127	a1a8af283a7a22036485c3b7cb097db9855ad91f	2026-04-17	Remove dead code gated on mysticeti_fastpath / disable_preconsensus_locking (#26278)	UNREVIEWED			
1128	7bf420a388f9ce6d3cef591d24e33fb4da847d34	2026-04-17	ci: use upstream mold 2.40.4 as CI linker (fixes #26267 regression) (#26285)	UNREVIEWED			
1129	c180fd1abf88ba66fd98a877133acddd1a3ad8f4	2026-04-17	docs: clarify checkpoint source guidance (#26244)	UNREVIEWED			
1130	a75b95642dc1116ee4287a2c2532d75d9f4ef207	2026-04-17	deps: fix rustls-webpki CVE; ignore two reachability-zero unsound advisories (#26281)	UNREVIEWED			
1131	d733c8701a331ce4f51b633dcf9774bd41efbe80	2026-04-17	docs: Create docs-style-guide.yml for style guide checks (#26290)	UNREVIEWED			
1132	dde33b983a013d2169a04ac3bbe1a153763154b6	2026-04-17	[genesis] Directly splash system packages at genesis (#26265)	UNREVIEWED			
1133	b71c21a99d3c1799050cc0607e99bc0c18483173	2026-04-17	docs: fix style guide CI (#26293)	UNREVIEWED			
1134	74175e8217466afdb7eb84ea45e5e4ff708d35a5	2026-04-17	fix: Update docs-style-guide.yml (#26294)	UNREVIEWED			
1135	cf60aa0595da062cbed7fea6f8ed09135c99bf4c	2026-04-17	Delete .github/workflows/docs-style-guide.yml (#26295)	UNREVIEWED			
1136	e98e2b65f453fe068015f84efcd72905fa7e209a	2026-04-17	docs: Adhere to Cloudflare agent-ready spec (#26297)	UNREVIEWED			
1137	1814ca4ee2d76d97b06040343eadf5e5b76fa68c	2026-04-17	[sui-types]: change ExecutionStatus::new_failure() to accept ExecutionFaillure (#26222)	UNREVIEWED			
1138	2bfb44f88ef6d13477c5e53b2ba939995df936fc	2026-04-18	Add addr_bal_deposit load test workload (#26235)	UNREVIEWED			
1139	1dcb7d666bb39179ae2eec2c9ec0f6bf8f25a61f	2026-04-17	Migrate jsonrpc alt governance 1/2 (#26145)	UNREVIEWED			
1140	1b164b191f124b6a43b4328b55db06bfb873cb76	2026-04-18	consensus_adapter: remove staggered submission and other unused logic (#26279)	UNREVIEWED			
1141	1c4b4d2b567d2c80f9182ca708140593f022ab4a	2026-04-20	chore: update tonic-reflection (#26311)	UNREVIEWED			
1142	3b97f2e1f739c6efe4a8f0542c9ba8ad9516f986	2026-04-20	[move-package] Relax bounds in json-rpc to handle system packages. (#26313)	UNREVIEWED			
1143	01d2237584aab3f1b9f726226155c92b2107e4cf	2026-04-20	[Move] Bulletproofs range proof as native function (#25959)	UNREVIEWED			
1144	1ed1c8b78e0e16ab879be85ce677b3bd48ce9010	2026-04-20	build(deps): loosen workspace chrono pin from "=0.4.39" to "0.4.44" (#26315)	UNREVIEWED			
1145	8ce40892223cbaad606efb74cf3ba97503cac6e9	2026-04-20	docs: Fix generation of llms.txt (#26317)	UNREVIEWED			
1146	09e4f557d22797fe5e7ea80eb59ab9290da6d758	2026-04-20	[forking 6/n] add support for checkpoint contents (#26245)	UNREVIEWED			
1147	8317aa11a6ca4b0a681306991baecfb0f4ec0c11	2026-04-20	test-cluster: preserve consensus positions for direct submits (#26283)	UNREVIEWED			
1148	fb47d5fbdcbb2a278c9d65cbd65871bb5d6c9194	2026-04-20	[sui-framework] Add df/dof `replace`. Fix `remove_opt` (#26248)	UNREVIEWED			
1149	4141589ae1076e80c4d89b6fc659eac237a28f36	2026-04-20	[forking 7/n] Add historical transaction query support in DataStore (#26261)	UNREVIEWED			
1150	bee119a9c1801d87f4d3b4894c6b93c530660f85	2026-04-21	[gasless] Add remaining balance verification for withdrawals (#26264)	UNREVIEWED			
1151	dfe6dffecd785480869546f78044943459b5624e	2026-04-21	[Block Streaming] Extract proposing logic to separate component & refactor node type bootstrap (#25940)	UNREVIEWED			
1152	4ef8a0b3c7bcb20d29fca95ee42e8253d178b9f9	2026-04-21	[fix] use prod vk for testnet (#26330)	UNREVIEWED			
1153	1ff1fdcd630b6b9bc3d0e21fddfc70d2770c32c3	2026-04-21	[sui-rpc-api] Add custom service support in rpc api (#26327)	UNREVIEWED			
1154	e3ab16ed5081161e701b8428a42fd9bb5204ff5a	2026-04-21	Update alert settings recommended for operators (#26324)	UNREVIEWED			
1155	1e7bcfcbecbcf27180e84aefe74586ef661ba480	2026-04-21	docs: Import content fix (#26322)	UNREVIEWED			
1156	1c410b5eaebaa86f6867f28681859bbc113f5d89	2026-04-21	docs: automated updates for breaking_change (#26310)	UNREVIEWED			
1157	69f878bc3370206611a463694a7d2b2a7c294460	2026-04-21	[execution] Update linkage computation to allow for amendments (#26318)	UNREVIEWED			
1158	f746631d8d623f1d06317119f37b10eaeecbb0a1	2026-04-21	[move-ir] switch . to :: (#26325)	UNREVIEWED			
1159	12f277360ddf96a4868581089236b3a98f9b792b	2026-04-21	[chore] Remove unneeded/unused rust deps (#26319)	UNREVIEWED			
1160	dd9015371ac2977bdc3f855d8a1e8a451b159e73	2026-04-21	Remove release-binaries job from trigger-builds.yml (#26340)	UNREVIEWED			
1161	bef6332646d71cc67a4b27e764d6e75e7a53b0d7	2026-04-21	[sui-framework] Switch df/dof `get_*` macros to use `exists` instead of `exists_with_type`  (#26299)	UNREVIEWED			
1162	f101cee3dbb5d72e7e1d57a0ece7905c6618bfbb	2026-04-21	docker/sui-services: build sui-metric-checker (#26341)	UNREVIEWED			
1163	85bcd3a5fa238cf346128ad32449529218896854	2026-04-21	Add gasless and accumulator account monitoring (#26224)	UNREVIEWED			
1164	1d21085971b1bff950c851251be4bd764060b063	2026-04-21	[forking 8/n] add RPC support through `sui-rpc-api` and its gRPC interfaces (#26270)	UNREVIEWED			
1165	e7df4f63b0f866b2b3151ce2d1f9ead0085e3a8c	2026-04-22	Cap gasless tx at 16 KiB, raise max_tps to 300, lower max_computation_units to 5_000 (#26156)	UNREVIEWED			
1166	52c8ced44cddb7ec39bd6e35f169ae8d2b73d525	2026-04-22	[Block Streaming] Process received blocks (#25975)	UNREVIEWED			
1167	ae0735af69f47d460716b2e5ed2abc19d6605046	2026-04-22	docs: misc fix for afdocs tests  (#26334)	UNREVIEWED			
1168	64efba214efaa2760f379e769d01de6d88d3b483	2026-04-22	adaptive ingestion for sequential pipelines (#26302)	UNREVIEWED			
1169	332e54812ed2dc7025caaeb8a12ba5881522b209	2026-04-22	soft-deprecate checkpoint-buffer-size (#26352)	UNREVIEWED			
1170	7207d97415a63364ba1b2ccf9879c4db08503409	2026-04-22	Prioritize admission of tx to consensus by gas price (#26114)	UNREVIEWED			
1171	716f0b1df650bbea7b8aa2ade6f0a6953e52f893	2026-04-22	Fix warnings in release mode (#26349)	UNREVIEWED			
1172	30247030dd6a7336e05e12a1073ed0e3f65e90d5	2026-04-22	docs: More fixes for AF docs spec  (#26354)	UNREVIEWED			
1173	becf8c60349ae15135343237688d45efba68270f	2026-04-22	ci: dispatch S3 release-tag flow to ensure-sui-binaries (#26355)	UNREVIEWED			
1174	7dcec13f0a1c25924c8bca17883b11a2e753faf1	2026-04-22	docs: Address balances / free tier docs (#26105)	UNREVIEWED			
1175	d502662dc474bb315f0e9155ff12743b8ad7e45d	2026-04-23	Move expensive checkpoint decoding off IO threads (#26350)	UNREVIEWED			
1176	1a844db79902ad31e454be5ee18feb9a37f36240	2026-04-23	[system] adds public function to sui system (#26347)	UNREVIEWED			
1177	2fe425e44e7222c30204a4e1f21435e0cb42aa5e	2026-04-23	feat: Update `multiaddr` to fix the build failure caused by yanked `c… (#26332)	UNREVIEWED			
1178	3086f3090af33baad72291a4ceb6375eba72edaf	2026-04-23	Fix race condition in admission queue simtest (#26359)	UNREVIEWED			
1179	3b50577f52a42dee0564973400a724660561db77	2026-04-23	sui-indexer-alt-framework: unify MockIngestionClient code (#26360)	UNREVIEWED			
1180	9fb571d8fe846105f896c520ccc1c6dbce1283ee	2026-04-23	Enable amplification deferral in mainnet (#26367)	UNREVIEWED			
1181	c5dd267eb2ba4ecb2b7a44f05bc8a5008e638213	2026-04-23	[chore] Update tidehunter to 3c0611a (#26366)	UNREVIEWED			
1182	73dd2c2ba6f9fdb21d7ffde2b50a3f2f0ac39bc1	2026-04-23	[jsonrpc-alt] in-house validators apy calculation (#26303)	UNREVIEWED			
1183	6dc394b1f206300ce4447ce86a79a2a250845112	2026-04-24	Sui v1.71.0 Framework Bytecode snapshot (#26370)	UNREVIEWED			
1184	3181de85fecbed25ec58c688f3bef735886efb01	2026-04-24	Sui v1.72.0 Version Bump (#26371)	UNREVIEWED			
1185	35abd5c201430ece1826e6fcf96ede6b4a756eeb	2026-04-23	[consensus] increase mainnet FIFO compaction coverage to 50% (#26363)	UNREVIEWED			
1186	11d6cee4970082473d16433dc8e24b5c6dded473	2026-04-24	[Block Streaming] Introduce the PeersPool & Refactor synchornizer (#25979)	UNREVIEWED			
1187	d8f78bb7af37b82cb25ecea569abc4aac3c5c91a	2026-04-24	fix: sui client send-funds always reported zero balance (#26369)	UNREVIEWED			
1188	620af9de156ab9b8ebb06bbf90550716b1f770c6	2026-04-24	docs: fix afdocs again and sui::bag render (#26375)	UNREVIEWED			
1189	730ff6dbd509288ef1a85e7a3e01c41c26db054a	2026-04-24	Composite workload: test accumulator create/delete cycles via coin reservations (#26029)	UNREVIEWED			
1190	db8f417c63995d52992a1f4feba9aca2a6ecd15e	2026-04-24	[cleanup] remove benchmark client type (#26260)	UNREVIEWED			
1191	32c2447c3d8bb4fc7362bdb5a5b828409e31c9f7	2026-04-24	[test] add send_funds PTB benchmark (#26326)	UNREVIEWED			
1192	fb819328e423deead8687263d9fce3877b353a7b	2026-04-24	pipelined batch/commit for sequential pipelines (#26357)	UNREVIEWED			
1193	4af8007cf2fa1115515780b4854fdc827c36a867	2026-04-24	[forking 9/n] add transaction executor service (#26292)	UNREVIEWED			
1194	e60fb4329058503f0a1a8f9badf913334eb152bc	2026-04-24	Eager loop in sequential pipelines (#26358)	UNREVIEWED			
1195	0192aba5944a3a30d74681a1dbcdb72085058500	2026-04-24	fix(accumulator): make settlement appear atomic in get_latest_account_amount (#26379)	UNREVIEWED			
1196	e8433a01265b414316bbc3d6eea0cc4e564e6ed1	2026-04-24	[graphql-stream] Add package caching from streamed checkpoints [5/n] (#26194)	UNREVIEWED			
1197	766f1c2f4bfef076d15a612a03401a246f4fefa4	2026-04-25	[chore] Fix advisories (#26380)	UNREVIEWED			
1198	0848536e53349b9460e1c96274c2a3e3b72bd9cc	2026-04-25	Add timestamp-based epoch close (#26158)	UNREVIEWED			
1199	80e03d76d2544fd3928bedfceef2fe5be8316b44	2026-04-26	Extend address deny list to also cover alias signing (#26368)	UNREVIEWED			
1200	b8f2d40f6d5ea25f63d79883f45e4639dc799948	2026-04-27	[Consensus] clean up unused broadcaster. (#26373)	UNREVIEWED			
1201	65e8b2fb13992272c48dc3f843f1915a18d40be4	2026-04-27	[graphql-stream] Add top-level transaction subscription [6/n] (#26202)	UNREVIEWED			
1202	9d7a86c64fc2d72b6189975c9c8a8ccaaf563d86	2026-04-27	Update CLAUDE.md linting instructions (#26364)	UNREVIEWED			
1203	0af885e0773536dff089d8cb7a72c59426df43d6	2026-04-27	[forking 10/n] add forking service grpc for interacting with the network (#26328)	UNREVIEWED			
1204	6914bde36b712085badddaeae41b22553686ccf6	2026-04-27	Fix coin reservation panic during checkpoint replay (#26337)	UNREVIEWED			
1205	77e3d2db48f2c89f61d403959fc891bd890f0504	2026-04-27	[move] Thread MoveFlavor instance through package pipeline (#26231)	UNREVIEWED			
1206	c1d32ae3f1c0c39e18578b984621f51acfa9e60b	2026-04-27	[forking 11/n] add a CLI to start & interact with the forked network (#26336)	UNREVIEWED			
1207	ac936736896c58d15b4c55ffb6fd99c6f578954e	2026-04-27	Cache permanent errors in CachingCoinReservationResolver (#26387)	UNREVIEWED			
1208	019e3501575a46d5d2aaf3618cf444aeca243cfa	2026-04-28	[indexer] add requester-pays functionality for GCS buckets (#26384)	UNREVIEWED			
1209	c37bcc2e87c0e6b91a6d900e133f596c0eaf0dad	2026-04-28	[ci] Run graphql_subscription e2e tests under --features staging (#26395)	UNREVIEWED			
1210	255e614f4fd3faccb9812b90b29337c15c5e515a	2026-04-28	network: bump anemo version to 487f8bc (#26404)	UNREVIEWED			
1211	5c044a3409a375eb65fdf9e415fdfb74b08c9571	2026-04-28	sync: update shared Docusaurus components (#26390)	UNREVIEWED			
1212	ef4b975dfa5390f14dbe16ed54e8502824444297	2026-04-28	docs: remove fastpath comparison (#26406)	UNREVIEWED			
1213	f3a0ae7eaf10f9ea1d7bb8a5e1df79676d247b84	2026-04-28	docs: put address balances live and fix gasless transactions (#26361)	UNREVIEWED			
1214	f4e5dd577267624146a57b6916f71bd879479fe4	2026-04-28	Allow for custom replay graphql url (#26405)	UNREVIEWED			
1215	a79c31d686d6ddfa821dd71beb5a5a0c32d2a1fc	2026-04-28	rpc-index: track coin and address balances separately (#26403)	UNREVIEWED			
1216	0fde981ef01da0df4d2bf987ce893250c89305a6	2026-04-28	[consensus] refactor core.rs tests to use CoreTestFixture (#26345)	UNREVIEWED			
1217	d0b6a5d9663a5e3e4cfe4a04fdc92130f8ed502c	2026-04-28	ci: fetch prebuilt sui binaries from S3 in release.yml on Linux (#26411)	UNREVIEWED			
1218	8074c8e32e00a2d936d72d85b70e671db9ee001c	2026-04-29	Add send_funds workload to single-node benchmark (#26408)	UNREVIEWED			
1219	3a4c51d8cc3fe451ec43db4f181435006496f704	2026-04-29	Avoid allocation in bcs-to-hasher patterns using serialize_into (#26415)	UNREVIEWED			
1220	2e0da123b9a8d8f4bdd8088c3f10a1011059b429	2026-04-29	Optimize tracing overhead: global callsite filter, disable span latency layer (#26409)	UNREVIEWED			
1221	cf6da6c56ddab018ff6b09f5d5085c92f9ba9c9c	2026-04-29	docs: more misc AF Docs fix (#26418)	UNREVIEWED			
1222	a54f12939276348a378c71545fc7858b51d01715	2026-04-29	docker: add sui-node-th image (sui-node with tidehunter feature) (#26423)	UNREVIEWED			
1223	60f7d45bccca9f93c690aed0afb3f8480efd7d18	2026-04-29	move store into its own top level mod (#26427)	UNREVIEWED			
1224	e141911f148ce423c85566553e6ffc0ca88a173c	2026-04-29	Report zip_debug_eq caller as system_invariant_violations label (#26428)	UNREVIEWED			
1225	855347fa2ff804ae000f8675f122ff60acb38941	2026-04-29	Include root package type origins in on-chain move summary (#26391)	UNREVIEWED			
1226	16a65941aff64d718bba09c58fd21288c7238134	2026-04-29	Optimize within_alive_epoch: replace NotifyOnce with CancellationToken (#26430)	UNREVIEWED			
1227	d5364733440fc66fee02ccfb1ee7b6e4b61bb1b0	2026-04-29	sui-node-th: bundle sui-th, sui-tool-th, stress-th into the same image (#26435)	UNREVIEWED			
1228	2d611abbac5e0814651f94b1b0b9a06b13dcc04d	2026-04-30	[move] change print for vector in decompiler (#26432)	UNREVIEWED			
1229	1eac2cc8ba01455b900de7fa45fca06bca37cadb	2026-04-30	rpc-index: gracefully handle db corruption (#26443)	UNREVIEWED			
1230	bb9b61ef41bee498597cae808acb1729f296a026	2026-04-30	[core] tests/logs - clean up reachability assertions from v1 path, clarify log messages (#25656)	UNREVIEWED			
1231	c3f051182fdaa121d3ec83f629f81cce522438c7	2026-04-30	[forking 12/n] Design doc for owned objects and how to `keep track` of them on disk (#26356)	UNREVIEWED			
1232	9def5d5d4f5616e1f4c5f7ca72f1bf9f5b020524	2026-04-30	[move-ir] Mandatory `fun` (#26343)	UNREVIEWED			
1233	d8bc119cced1315a326291103cfbff2592f9ab62	2026-04-30	[move-decompiler] better pretty print (#26444)	UNREVIEWED			
1234	b857601eb5b26d0058bfe120d21b915fdcc17f0f	2026-04-30	[move][move-vm] Swap ordering in telemetry reporting for ~3% speedup (#26407)	UNREVIEWED			
1235	5b9b34d2683df790d2bbfa14df4bb8355b8c4eb0	2026-04-30	graphql: support optional FEATURES build arg in Dockerfile (#26445)	UNREVIEWED			
1236	9bcbd97b457104120ba7049eabd829a1c62bb597	2026-05-01	[move-decompiler] fix type tag printing (#26446)	UNREVIEWED			
1237	e5a935797aa0f7fa3948505144a5b25a21084eeb	2026-04-30	[move-ir] Put `mvir` in MVIR (rename `module` to `mvir`) (#26451)	UNREVIEWED			
1238	fae227652f47da3aabae9e88b60a394a1186b884	2026-04-30	[move][move-compiler] Fix bug #25790 (#26449)	UNREVIEWED			
1239	bac0f0b0eb3c067ede97ba1d2cdd8b0d5e72ae75	2026-04-30	[move][move-compiler] Fix an issue with the use of subtype in match pattern type inference (#26398)	UNREVIEWED			
1240	98a09f789436d2effa176eade3965bfdd5f59051	2026-04-30	[move][move-compiler] Fix an issue where we crashed while trying to compile error-containing  matches (#26393)	UNREVIEWED			
1241	7c05585f5b80d24d749b33dbf8caeec9478adfce	2026-04-30	[graphql-stream] Recover from upstream gRPC gaps via kv-rpc [7/n] (#26414)	UNREVIEWED			
1242	d5f6665194d7c7dd5e75f83706f21f4a129bd3e0	2026-04-30	Cache signed_effects_digests in memory to avoid disk reads (#26431)	UNREVIEWED			
1243	9424262e62261e6591fa34982e2f400304126c9c	2026-05-01	[consensus] track block children and per-round info in dag state (#26396)	UNREVIEWED			
1244	9aa45554d2f302ac0705ed3afb7e12c242253ef4	2026-05-01	[Block Streaming] introduce the BlockSyncService and implement the Observer client and server sync endpoints (#25997)	UNREVIEWED			
1245	1f38777b438cdfd615ae8af02c379b6f629fedb3	2026-05-01	[Block Streaming] clean up API (#26377)	UNREVIEWED			
1246	bf0da8ea51c4623157af50802b366d11581cbd33	2026-05-01	Fix native call double-pop in gas meter stack height tracking (#26203)	UNREVIEWED			
1247	5e5a2e9da2ebd8260f2d02c873bffd7d2aba1826	2026-05-01	[forking 14/n] add checkpoint subscription service (#26402)	UNREVIEWED			
1248	dd6ec39af0709ad859a70f811e6db84d8edb9600	2026-05-01	[typed-store] Fix safe_range_iter dropping the entry at an inclusive upper bound equal to the encoded max key (#26456)	UNREVIEWED			
1249	d81e958a21fe8e41b2d4d574821212e38ccc6c09	2026-05-01	allow setting gcs project id on write path too (#26464)	UNREVIEWED			
1250	2444691e4d0187526c516d625c109ce5d5bb07ad	2026-05-01	[move-ir] Require public on structs/enums (#26462)	UNREVIEWED			
1251	2626e94f4c30a642ee4cc2f5204b5b3c2317eb7f	2026-05-01	[chore] Update tidehunter to 06520e9 (#26450)	UNREVIEWED			
1252	c655581b79ba70d3398428330b573927b1e55568	2026-05-01	[graphql-stream] Add top-level events subscription [8/n] (#26453)	UNREVIEWED			
1253	7fbdf456757093d211e4b0463cc9bfb38335c3b3	2026-05-02	[Graphql-alt] Graphql client sdk metric (#26437)	UNREVIEWED			
1254	46dd93078d7d6cd560c6550ed75fe6e46b98ba0f	2026-05-03	Drive simtest-nightly via seed-search.py instead of MSIM_TEST_NUM (#26400)	UNREVIEWED			
1255	a1fafb3cb2ccd6c73de3afa98f656eb5c1d0bd07	2026-05-04	Add gasless transaction kill switch to TransactionDenyConfig (#26426)	UNREVIEWED			
1256	a10e08dcdce8e14040681697c09b43460eca2855	2026-05-04	add send-pr skill (#26420)	UNREVIEWED			
1257	5ac310cc92c4c246361abfe10d513f73a7ab8168	2026-05-04	sui-benchmark: retry soft bundles on retriable wait_for_effects responses (#26447)	UNREVIEWED			
1258	2f5bb500c1120124c3d450f69a48e5e01a039178	2026-05-04	chore: sync shared Docusaurus components (#26473)	UNREVIEWED			
1259	40fc99d8b776d910e293cf526a6cea6320f66ab0	2026-05-04	[chore] Bump tokio to 1.52.1 (#26467)	UNREVIEWED			
1260	5d0f09c92674fae3fe685c0c6d7288a830f42f02	2026-05-04	[move][move-compiler] Fix `vector<void>` ICE (#26454)	UNREVIEWED			
1261	c45d27079a3cf1c89da1f4b3d405976060e9b4cf	2026-05-04	[move][move-compiler] Fix hexstring multiline parse crash (#26452)	UNREVIEWED			
1262	a5608655bb0081e741579b57e98838e8a6e36e90	2026-05-04	[move][move-compiler] Revise warning filter system, add #[expect], #[deny], #[warn] support (#26282)	UNREVIEWED			
1263	a5f422e6ab3b3c6d14237fb54196321f42e017bf	2026-05-04	Provision mode for external keys (#26346)	UNREVIEWED			
1264	2f549c97b88c62bf3416e0ce4ceb2492f36612fa	2026-05-04	Add DeepBook Predict documentation to onchain finance (#26480)	UNREVIEWED			
1265	3f6d2ddf475f393a84e368be83a874a86f25a6e6	2026-05-04	sui-indexer-alt-framework-store-traits: add shared connection test macros (#26268)	UNREVIEWED			
1266	f65eb06155ccbdeef641ccaa7211d4bf42a02530	2026-05-04	kv rpc: configure watermark pipelines (#26481)	UNREVIEWED			
1267	079a7e3ffdc36c7547ffcff838c71f0796e7ed8c	2026-05-04	[forking 15/n] Add owned object index tracking (#26424)	UNREVIEWED			
1268	c2dd5940cf098a82b4a5f44c40e9633028537c6a	2026-05-04	typed-store: strip prefix from tidehunter iterator bounds (#26483)	UNREVIEWED			
1269	0094adf437e49c8f11d2181caecb9bbd34c86b18	2026-05-05	kvstore: add tx seq digest pipeline (#26482)	UNREVIEWED			
1270	edbda305efb104551d1cbdcbc1e53fe3630cdf62	2026-05-05	[Move] Set limit on public inputs for `groth16::prepare_verifying_key` (#26236)	UNREVIEWED			
1271	5ea39770dd2811c54ae725a44be1e952c44dac21	2026-05-05	sui-rpc-api: subtract mock gas coin storage cost from simulate budget (#26479)	UNREVIEWED			
1272	0cca170dcdec0e12e81ecec12f8c36f8f45c71dc	2026-05-05	[forking 16/n] Add object seeding (#26422)	UNREVIEWED			
1273	2aa5397ae4c3493d00838787ef4e51f05f57ce2c	2026-05-05	[typed-store] Fix safe_range_iter including the entry at an exclusive lower bound equal to the encoded max key (#26469)	UNREVIEWED			
1274	c23812a638a228441df59db5aaf5255cbcc16e82	2026-05-05	docker/sui-node: correctness fixes + better layer caching (#26478)	UNREVIEWED			
1275	d5b7991e6f62c78b9b7df40efdaf3b794565e239	2026-05-05	Fix SuiErrorKind wire compat by moving new variant to end (#26493)	UNREVIEWED			
1276	3a97028ca4b88d722f10c5820e45fe4d77af4a5f	2026-05-05	[forking] allow impersonating a sender 17/n (#26485)	UNREVIEWED			
1277	9d9d18eb71446e9499755f6e864968d691fbfddb	2026-05-05	[move] Add RPC endpoint to SuiFlavor for network-aware system deps (DVX-1814) (#26232)	UNREVIEWED			
1278	1bccba29835483628ded58eb583881d2667fa6fd	2026-05-05	docker/sui-node-th: align with #26478 + unlock mp3 cargo cache (#26501)	UNREVIEWED			
1279	678061b8804f6f79375de4f5c00fe3a31e9462d0	2026-05-05	Cherry pick gas refresh from 1.71 (#26505)	UNREVIEWED			
1280	df9843f5da85df35c17283fed67829d3d83ed1b3	2026-05-05	docker(sui-tools): apply Dockerfile cleanup pattern from #26478, #26501 (#26503)	UNREVIEWED			
1281	cdb2d4d31e510e1371b1a11b19eeee3a22910d9d	2026-05-06	Enable FIFO compaction by default on mainnet (#26491)	UNREVIEWED			
1282	eb397121168bc2d0c76bbc9b4a34ce1400582309	2026-05-06	Switch `cargo insta` to default to `nextest` (#26506)	UNREVIEWED			
1283	c97381d18dac58461c27ad7750b1cde4fc322b52	2026-05-06	[grpc] test simulate falls back to priced flow for non-allowlisted coin types (#26502)	UNREVIEWED			
1284	ff56b3bd0631ec01c0bae37a9b65904dc9ad416d	2026-05-06	Remove CLI shell tests that rely on querying devnet (#26515)	UNREVIEWED			
1285	556d85f8cba7d721ef76b74f991da6a7001aebdd	2026-05-06	sui-rpc-api: reject V1 effects in object inclusion proof handler	UNREVIEWED			
1286	5e59a05f3fb4dd06ee8eaff1001dcc48796e15bc	2026-05-06	sui-types: replace assert in funds withdrawal accumulation	UNREVIEWED			
1287	d6b23d2b93889e8315ac9869e66da4827296b62b	2026-05-06	sui-rpc-api: precompute argument uses in simulate PTB resolver	UNREVIEWED			
1288	a54a1f0323a2f92633a343ff7ad68d8886489532	2026-05-06	sui-rpc-api: enforce PTB structural limits at resolver entry	UNREVIEWED			
1289	9db626d96473a2899888821a05f152c394334b89	2026-05-06	sui-rpc-api: skip already-normalized packages in simulate resolver	UNREVIEWED			
1290	482d62c2d004d568179d75ef67ba90e35e54e0aa	2026-05-06	sui-rpc-api: cap aggregate JSON render budget in get_checkpoint	UNREVIEWED			
1291	a29b338ad5069d285f8d167d74132b7fa3a505e4	2026-05-06	sui-rpc-api: bound metric label cardinality on gRPC requests	UNREVIEWED			
1292	b666366a52aa68548a8028a780f6b554a3931e49	2026-05-06	docs: Add page on Gasless stablecoins + payments landing page (#26448)	UNREVIEWED			
1293	fe41e735e2702ae53f23a745b641dcefce5a992e	2026-05-06	typed-store: add tidehunter memory env knobs (#26511)	UNREVIEWED			
1294	b0fa0dfcba1f637f884e79b886989dbbe34ac262	2026-05-06	[move-package-alt] Replace Dependency<T> with DependencyContext (#26065)	UNREVIEWED			
1295	6f0aefb676b250e3fbc390fcea251966d98fedb8	2026-05-06	[move][move-compiler] IndexMap for deterministic type constraints (#26518)	UNREVIEWED			
1296	d1727d8238e83ac08037855a6b9954adfc26cf3c	2026-05-06	consensus_manager: switch address_overrides to parking_lot::Mutex (#26510)	UNREVIEWED			
1297	6ab8047ae57790622a46a784e31847f9600a0c6e	2026-05-06	[address balances] Additional address balance gas tests (#26520)	UNREVIEWED			
1298	18424d39b4d8024032151403d983851607e8ab36	2026-05-06	[protocol-config] Enable address balances and gasless transactions on mainnet (v125) (#26504)	UNREVIEWED			
1299	fac8572b6685dbc76ffe9d778dcfce0bb54c2b69	2026-05-07	docs: automated fixes from weekly audit (26 issues) (#26527)	UNREVIEWED			
1300	350f798617fa5552b994ae160962ba1d08e291da	2026-05-07	Add mainnet stablecoin allowlist for gasless transfers in protocol v123 (#26417)	UNREVIEWED			
1301	4db30ced65ff0630186e63e1f5d41f6859a0bb76	2026-05-07	[doc] update life of a transaction (#26523)	UNREVIEWED			
1302	c3374bfded918d40d864d34ccf879a3b9cf1c2cc	2026-05-07	docs: Sui Stack guides for Walrus and Seal (#26288)	UNREVIEWED			
1303	365abc02a6618b1093f72c002b318ebd11caea05	2026-05-07	docs: add visitor_type custom prop to Plausible tracking (#26530)	UNREVIEWED			
1304	5e9786bb5d3eb357f7a0486294cc999b728595f7	2026-05-07	indexer/ingestion: pass headers to remote stores (#26526)	UNREVIEWED			
1305	9e52010210244236dc824d74e74b40eb1a604ab0	2026-05-07	[security] make coin reservation rewriter fallible to fix dryRun/devInspect panic (#26528)	UNREVIEWED			
1306	e1efdc96bddf0ddd373e9ddc885d5f1692874586	2026-05-07	typed-store: additional tidehunter memory env knobs (#26529)	UNREVIEWED			
1307	6e861b173ddeb04983a191f6a8d6805d69cc0c0b	2026-05-07	indexer/checkpoint: line up header configuration with #26526 (#26534)	UNREVIEWED			
1308	c4eecb3e9e65d7a92951a7d48e31485ba069b0d0	2026-05-07	docs: Add example app tutorials (#26535)	UNREVIEWED			
1309	813f9a5cdb084cb95a618108e7b5ea5590e456ef	2026-05-07	[chore] Update tidehunter to 5a5a23b (#26540)	UNREVIEWED			
1310	1438bc914ea8da5725f5339f0b221e73d736f390	2026-05-08	[consensus] use a common function to compute fetch blocks limit (#26514)	UNREVIEWED			
1311	0634b16963f26121898cb1301da4402264c63742	2026-05-08	[address balances] Invariant checks for transaction effects (#26541)	UNREVIEWED			
1312	487db8f56c0cbaf01161c41ab98e111cdde97409	2026-05-08	[graphql] Add TransactionEffects.version field (#26525)	UNREVIEWED			
1313	367fd808279bed26f7c64fc63160062a2ee29ab7	2026-05-08	docs: fix misc examples (#26548)	UNREVIEWED			
1314	69e0578031ab05ae8816b036cba469261acaca83	2026-05-08	Sui v1.72.0 Framework Bytecode snapshot (#26549)	UNREVIEWED			
1315	896f044d646c3a624be86d3e3b933799644129ad	2026-05-08	[easy][move-vm-runtime] Remove call name and module id from gas charger trait (#26474)	UNREVIEWED			
1316	05a69e354207e0159bffcb534ac61a2476e5927c	2026-05-08	[sui] Don't hit RPC for publish env-validation; re-enable env_error tests (#26539)	UNREVIEWED			
1317	d7aec60d9da3520ab4d17601db130abf89639196	2026-05-08	Sui v1.73.0 Version Bump (#26550)	UNREVIEWED			
1318	5c7d9af737ab9ffa26363f6d1ccc5a94484059cd	2026-05-08	docs: Update style guide skill (#26543)	UNREVIEWED			
1319	4e45765148573845b8adec966734b423f389dbf5	2026-05-08	[move] Cache-package path + external resolver env_name (DVX-2095, DVX-2097) (#26519)	UNREVIEWED			
1320	8e334dd7795e2974e9c272ae223cf66cc81a645b	2026-05-08	hotfix: sidebar (#26554)	UNREVIEWED			
1321	2f53af55509d5da8c3f551e049b84d7d35eaa993	2026-05-08	[docs] testnet checkpoint store docs updates (#26542)	UNREVIEWED			
1322	3254a2e5622962784ed3169290be3aa5e4f6aade	2026-05-08	move-package-alt: sanitize Git env vars in subprocess calls (#26537)	UNREVIEWED			
1323	7c931dc24d04895b865c073f7b6a52e8a81a8e79	2026-05-08	docs: Sui Stack guides for Walrus Sites and SuiNS (#26339)	UNREVIEWED			
1324	56be7e3f5d673074810f9d7a32b6f31e84437b0c	2026-05-08	[snapshot_restore] wait_for_tidehunter_background_threads before rename (#26558)	UNREVIEWED			
1325	6a45d72942b2d32a9e2b519d028e575a38e25904	2026-05-09	rpc: map simulate user errors to invalid argument (#26560)	UNREVIEWED			
1326	c188832a5c2f8a48b9998e8c3888874a56bb1ca8	2026-05-09	sui-inverted-index: add inverted index crate + dimension extraction code (#26496)	UNREVIEWED			
1327	a6a0f43fe494e7635eb885d5af71327e7c4bdf67	2026-05-11	[graphql-stream] Lift streamed checkpoint payload onto Scope [9/n] (#26476)	UNREVIEWED			
1328	5a9ee16aa62220a7b66d4873e958163215184b9a	2026-05-11	sui-tool: add --metrics-port flag to download-formal-snapshot (#26564)	UNREVIEWED			
1329	04b74c630341e2fed9ef3fb59247163f5021d789	2026-05-11	fix: sidebar link (#26557)	UNREVIEWED			
1330	6ea643cecc8876eea8b3fdf0026af28f32751e9d	2026-05-11	[Block Streaming] Introduce the NodeRole and the capabilities (#26399)	UNREVIEWED			
1331	f96f4305bc7f67ea1a713654e4a2c68bbcef1057	2026-05-11	seed-search: parse shortened path+file cargo package_id (#26566)	UNREVIEWED			
1332	2947e1620cf77e430e9fa556601b568b590a494f	2026-05-11	fix: sidebar label (#26567)	UNREVIEWED			
1333	94b5b70d55a0706dc59d6be2d061745a58a1a28e	2026-05-11	[stake-aggregator] fix: quorum falsely lost after bad-sig eviction in insert() (#26553)	UNREVIEWED			
1334	a7d4992f299e4c75013bf5d3c7b1c48e9fdb91f2	2026-05-11	Add sui-fork to release binaries (#26570)	UNREVIEWED			
1335	b3b46d3aa17623cefb497b869e50fb792ff9df1f	2026-05-11	[pruner] disable object pruner by default on tidehunter validators (#26569)	UNREVIEWED			
1336	59a1bad904df87dfe5b508bf7f2c9537584995f6	2026-05-11	docker/sui-tools: build + ship move-analyzer (#26572)	UNREVIEWED			
1337	f995c127b7e50976ab234a140d7374706c954003	2026-05-11	docs: automated fixes from weekly audit (10 issues) (#26568)	UNREVIEWED			
1338	44a2d5dd8c47d787d2e5573a110383d48ef2ae12	2026-05-11	release: drop sui-test-validator from release_binaries (#26574)	UNREVIEWED			
1339	7180e0a7137031f71e8fe9eb8ca0929394672823	2026-05-11	[sui cli] Add pass through command `sui move format` for `prettier-move` (#26521)	UNREVIEWED			
1340	31fe251c47911a5445f8a87a738967c171dacf65	2026-05-11	sui-rpc-api: set ValidDuring expiration on gasless simulate path (#26576)	UNREVIEWED			
1341	04968177b4bcb52d89a7b0f0f86737b7e721b896	2026-05-11	release.yml: build ubuntu binaries on the runner instead of S3 download (#26578)	UNREVIEWED			
1342	eae850119fb07c80fc71e692114737739b3cf094	2026-05-11	ci: pass cache_family to prebuild-sui-images dispatch (#26584)	UNREVIEWED			
1343	c267f1f8346841ce307ff5ade6af0286867f61aa	2026-05-11	[move][move-vm] Improve telemetry speed by swapping to thread-local atomics (#26559)	UNREVIEWED			
1344	a62dc6bb2e20fb676aff3799b33ab583fc108607	2026-05-11	ci: pass cache_family to ensure-sui-binaries dispatch (#26586)	UNREVIEWED			
1345	4e5667d5030740d2221320fbcd9bbf8070d6a2f2	2026-05-11	[graphql-stream]: SSE transport + SSE-aware GraphiQL [12/n] (#26425)	UNREVIEWED			
1346	1880c49e97e34146cce331f957fdf3db2ae757ba	2026-05-12	sui-indexer-alt-consistent-store: support restoring from arbitrary epoch directories (#26565)	UNREVIEWED			
1347	79317485684bd99e668786bc6e72c7f0ad745907	2026-05-12	sui-core: apply default_table_options to every rpc-index CF on reopen (#26589)	UNREVIEWED			
1348	7dd0be5aa807a615163033aca4ed66d799229144	2026-05-12	sui-rosetta: harden MergeAndRedeemFungibleStakedSui (chain guard, epoch binding) (#26489)	UNREVIEWED			
1349	ba3c4a8a537b6912470da7af3a078bf9ebd1af48	2026-05-12	[Block Streaming] skip commit processing for Observer sync enabled nodes (#26498)	UNREVIEWED			
1350	fc75b00193e5069977c693e768b76e160cb90be4	2026-05-12	docs: update data access guidance (#26597)	UNREVIEWED			
1351	e3f5ddcde4e61d62ddb8af9979fb6199a1e9723b	2026-05-12	docker: cache-friendly Dockerfile rewrites for Tier 1 images (#26601)	UNREVIEWED			
1352	7c41cedd9dda50da88c2c226b70435bb39008daa	2026-05-12	[sui-fork] Fix the way object_by_key is handling deleted/wrapped objects (#26588)	UNREVIEWED			
1353	27e8a310161ee2b1158bf6a1ba420beffdd4181b	2026-05-12	ci: thread cache_family into sui-operations tag-docker-images dispatch (#26602)	UNREVIEWED			
1354	5f8f64f8f183fb5d21aea041713f40498be1f754	2026-05-12	kvstore: add bitmap index pipelines (#26497)	UNREVIEWED			
1355	258168b3532580e75c6035f2b772848f1511f85b	2026-05-12	docs: revisions for kapa.ai action items (#26421)	UNREVIEWED			
1356	ac7a16ba86ba05af07b511ad5e4cc845e595995a	2026-05-12	[chore] Update tidehunter to 48f0621 (#26599)	UNREVIEWED			
1357	6ad1e8de999661d2dd389ff7b4a847f34618c801	2026-05-12	Add testnet DUSDC request link to DeepBook Predict docs (#26609)	UNREVIEWED			
1358	5c373e5119ef5f03cde3316a6abc44d4a4135d45	2026-05-12	docker: cache-friendly Dockerfile rewrites for Tier 2 + Tier 3 images (#26611)	UNREVIEWED			
1359	fab76d6a4935aae7861b2c5b7011905370b40ce5	2026-05-12	[graphql-stream] Resolve Event.transaction in streaming mode [10/n] (#26487)	UNREVIEWED			
1360	8461ef937f0bbfd6bf6e30d0573022d3fc8e9f6c	2026-05-13	docs: add GraphQL typed object change examples (#26605)	UNREVIEWED			
1361	a8bf7db7132a976aaa5948a3ba092b335ece584b	2026-05-13	docs: refresh object and PTB guidance (#26606)	UNREVIEWED			
1362	2defa0ee2a3475e02e77ca9c1f6dd2692fa4c316	2026-05-13	Avoid intermediate Vec allocation in rejected_transactions_digest (#26575)	UNREVIEWED			
1363	403c24762b4431fb2c200ca7778714df7ecda6ed	2026-05-13	docs: improve search result display and fix garbled titles (#26617)	UNREVIEWED			
1364	9e131240acc6eda51a8826eb4df20f1f69ae2171	2026-05-13	[address balances][harderning] Added expensive invariant checks (#26582)	UNREVIEWED			
1365	6e77b0b5435836cef3113bba56201fc6fe899912	2026-05-13	[chore] Update tidehunter to 9a0472f (#26620)	UNREVIEWED			
1366	1ff47fc7ee4c6b851d1ab7e0205019c57383780e	2026-05-13	Remove unused batch_verify_certificates and async certificate batching (#26625)	UNREVIEWED			
1367	d09ce1816dfd5913c0c8c53d3cee469db070343f	2026-05-13	[sui move format] Vibed windows test fix (#26623)	UNREVIEWED			
1368	8351dab4f5aeac8ec56d0bfa82c94aeb60b2df8d	2026-05-13	[sui-fork ] Add `--version` flag and improve README (#26628)	UNREVIEWED			
1369	91d92efd413ef97bcaf2957a4911a6dea7ba3ff2	2026-05-13	[move-ide] Generic macro type param processing fix (#26608)	UNREVIEWED			
1370	241885114a623666347cadc51a7ad07e63bd9a78	2026-05-13	[chore] fix cargo-deny issue with `diesel-async` (#26629)	UNREVIEWED			
1371	19db661bf18901aa22fc72af01c12ec237a96c36	2026-05-13	sui-tool: add tideconsole subcommand behind feature flag (#26627)	UNREVIEWED			
1372	789e6c11087dbe3593cd069e1b6210528c24fcd0	2026-05-14	Remove dead CertifiedTransaction-related code (#26634)	UNREVIEWED			
1373	317807c406ef200ea9d2b935cab6af169eb8b3e7	2026-05-13	[move][move-decompiler] Fix perf issue when building loop bodies (#26613)	UNREVIEWED			
1374	f631b871e6186ced2052c0b06a8ba87bdcdc8796	2026-05-14	[move][move-decompiler] Support breaking out of external loops in addition to immediate loop (#26614)	UNREVIEWED			
1375	b86e6e85d7faa3609bd79fc35ed41be25d3eb7db	2026-05-13	Vm error visibility execution and type (#26517)	UNREVIEWED			
1376	11ea899f8b9a19417096b01c6c75df0a9a48c878	2026-05-14	[decompiler] Total post-dominators over divergent regions (#26615)	UNREVIEWED			
1377	95f655aa377de85fe945f00c8bd64e536c248420	2026-05-14	docs: fix details dropdown arrow and expand animation (#26624)	UNREVIEWED			
1378	8c6fbbb3fdce931c9b6cdfc4da3d19582aba4551	2026-05-14	Remove text that states gas is paid out of address balances (#26645)	UNREVIEWED			
1379	81ea1e3e8974aa1ef57a3557a7f67e7a2193ba63	2026-05-14	sui-adapter-transactional-tests: expand address-balance gas-smashing coverage (#26631)	UNREVIEWED			
1380	0266011aaa2f4da876d6dbadc4db8cc208f057a6	2026-05-14	[forking] Fix how the --data-dir stores the files 18/n (#26500)	UNREVIEWED			
1381	4f9945d63bf6fd3a534dcbc182ff21a5e2e6546d	2026-05-14	fix: remove sentence (#26650)	UNREVIEWED			
1382	6ef4ce716ea2890e8d1df7a24251dd25b7be3dd4	2026-05-14	[move][move-decompiler] Disable inline_immediates and normalize degenerate conditions (#26638)	UNREVIEWED			
1383	d10a16f29e90596186b523414b96a79a7d611fae	2026-05-14	[move][move-decompiler] Fix let-declaration hoisting and fuse split let/assign pairs (#26639)	UNREVIEWED			
1384	e7692e1b01a0b5955b5fe9403791103ca25f45e7	2026-05-14	[sui-fork] Update README.md (#26647)	UNREVIEWED			
1385	8a96468c34e064a7dd955d6b73fdd3744e5b9f50	2026-05-14	[move][move-decompiler] Reconstruct match expressions from variant switches (#26640)	UNREVIEWED			
1386	9d9c2b4f6e0f48c2eecf86bc7f2201933e06c1e9	2026-05-14	ci: scope arm64 prebuild to network branches only (#26653)	UNREVIEWED			
1387	505b085279e9fb08cd5ece07441a105ded694c88	2026-05-14	ci: skip arm64 in trigger-builds tag-docker-images dispatch (#26656)	UNREVIEWED			
1388	f1358b049b55f07c0f6a1261f191930f908f49a0	2026-05-14	[ci] Do not run CI on edits to markdown files only (#26652)	UNREVIEWED			
1389	6c853b9cea2f6b0fcb85068ef57d34300d73c5be	2026-05-14	[move][move-decompiler] Collect module uses and rewrite paths to aliased form (#26641)	UNREVIEWED			
1390	423f8e3d5363b6e88e086be044c9c59249c4d189	2026-05-14	Refactor dev-inspect and dry-run to use the same backend `simulate`  call (#26649)	UNREVIEWED			
1391	fe8768c84bcb74bb8df55bd05b90a2cda579c5e7	2026-05-14	kv rpc: add bitmap query APIs (#26587)	UNREVIEWED			
1392	b2f82f7091e3e3a827aee57eba95bc6b044a7c26	2026-05-15	[move][move-decompiler] Eliminate more gotos from conditional restructuring (#26643)	UNREVIEWED			
1393	add9d4722104173186e78df5aac4b07b6e019b40	2026-05-15	[move][move-decompiler] Emit loop bodies in reverse post-order (#26644)	UNREVIEWED			
1394	0689a8a09dfda6237ed9c35d299f812c79489a69	2026-05-15	[indexer-alt] Add kv_checkpoints_by_digest table and pipeline (#26590)	UNREVIEWED			
1395	119e41f190ae47601a505dd2718c7d0158929c1f	2026-05-15	[graphql] Add Query.checkpoint(digest:) lookup (#26594)	UNREVIEWED			
1396	af681b494d8b1f39cd35eb143d98724ec611f37b	2026-05-15	[easy][adapter] Remove a bunch of old dead code (#26668)	UNREVIEWED			
1397	ca9d0e74251f5901ba29db89dcc71e79dd54fefd	2026-05-16	sui-types: convert ValidDuring TransactionExpiration from proto (#26670)	UNREVIEWED			
1398	55e807fc162f6c0a9a69775e7e17542a042c48b5	2026-05-18	[move-compiler] errors review (#26458)	UNREVIEWED			
1399	a2ed2501161d2eedf13598df1a93e6e20f0b543f	2026-05-18	Update instruction for querying the stablecoin allowlist (#26671)	UNREVIEWED			
1400	69382f5b07b009a23eb47e2d04dd287c8310347b	2026-05-18	sui-core: remove verify_indexes module (#26663)	UNREVIEWED			
1401	249640eefa2a82ea743bebd2c75ade5ee7854e58	2026-05-18	[move][move-decompiler] Capture types in the AST so the alias renamer rewrites them (#26662)	UNREVIEWED			
1402	259b947bf5b07cded7481c0c1f5e88470939c930	2026-05-18	[sui-fork] add back `ConsensusAddressOwner` support for owned objects and seeding (#26635)	UNREVIEWED			
1403	7aeac40b6982bf3146704d45d3cb3cb2b4fa61ff	2026-05-18	[consensus] add LeaderScheduleV3 sliding-window scorer (#26372)	UNREVIEWED			
1404	3f5658adad18f91b57ebcda2c7ee009a783858f9	2026-05-18	sui-protocol-config: render to any Format (JSON, prost::Value, …) (#26665)	UNREVIEWED			
1405	b9e72a70c843cdb4ad0b7ffdfdd624f714cbf8c3	2026-05-18	chore: sync shared Docusaurus components (#26681)	UNREVIEWED			
1406	11a02c744110d7e96283f408bf0680ffe6f4de39	2026-05-18	fix: unclosed code block (#26685)	UNREVIEWED			
1407	160c9085dd8e3841e532ed3406641f26a4491399	2026-05-18	invalid url (#26678)	UNREVIEWED			
1408	e8fb2009c2c2842392b0fcc814a69b029aa1be42	2026-05-19	sui-indexer-alt-framework: harden streaming backoff bounds (#26229)	UNREVIEWED			
1409	216eb890bae6acf6962a1c5bf1f93b722fa025ad	2026-05-19	chore: upgrade mysten-sim dependency (#26683)	UNREVIEWED			
1410	b241d9263db4ece75066c37fa6868db8bf889b74	2026-05-19	use std::process::command in simtest when fetching move package dependency (#26612)	UNREVIEWED			
1411	96f4c869219733f20432b1d41c794e43b656554b	2026-05-19	[chore] Update tidehunter to 8ca8eed (#26687)	UNREVIEWED			
1412	cbc9f9b231c5bb66dc36eede40a26452dde50fe3	2026-05-19	docker/stress: switch runtime to debian-slim, drop bundled repo (#26696)	UNREVIEWED			
1413	dad84a8a05be3481770ece5995dacbdd7d060f4f	2026-05-19	[sui-fork] reuse `latest` marker for object state (deleted, wrapped)  (#26672)	UNREVIEWED			
1414	75222fb9bd9c94297381791f12d2aa632a6d83dc	2026-05-19	docs: add redirects for broken external links (#26699)	UNREVIEWED			
1415	10b5e69663b996088031be901f6155c58e0d23d2	2026-05-19	[move][move-decompiler] Eliminate more gotos (#26664)	UNREVIEWED			
1416	f3106dd33a617ff2095ec274289e158cf415ce80	2026-05-19	[sui-fork] simplify seeding and owned object index data (#26673)	UNREVIEWED			
1417	5cd50577e523d68ff429dcd396e466b0788655d3	2026-05-19	[move][move-decompiler] Refine `if` and rewrite into `assert` when possible. (#26686)	UNREVIEWED			
1418	632e55c744d43aa9657c6636690e0eff5b44cf26	2026-05-19	[simulate] Add more tests for simulate tx (1/2) (#26691)	UNREVIEWED			
1419	c124d970289a8a800ff15d332a69e39765734a80	2026-05-19	[move][move-decompiler] Add block comments when emitting blocks. (#26684)	UNREVIEWED			
1420	c1b60b610bb75ff722c1b666e79d497e1218c028	2026-05-19	ci(release): switch brew bump from mislav action to direct `brew bump-formula-pr` (#26706)	UNREVIEWED			
1421	ac0bc47fb9407dd21476e604b4cecab987c599e4	2026-05-19	ci: add standalone homebrew-bump workflow for manual sui formula bumps (#26711)	UNREVIEWED			
1422	2a66b1b163137b69f11ddba9e1976f56479016f5	2026-05-19	ci(release): make homebrew-bump.yml reusable, replace inline job in release.yml (#26713)	UNREVIEWED			
1423	8c42809d919cf0ac9dd9b3214e6f56a30de22797	2026-05-19	[chore] Update tidehunter to f6b9ad0 (#26712)	UNREVIEWED			
1424	dd9e7161e7d67443078107a5adecd65cb4b83965	2026-05-20	[graphql-alt] Add object json test for simulate transaction (#26669)	UNREVIEWED			
1425	ffb23fc5ac712e06406617ae034ecd67c8c1871a	2026-05-20	Treat on-chain validators as trusted peers in discovery (#25950)	UNREVIEWED			
1426	44bea77c912fba96bfcc798bdcea136d75dbd562	2026-05-20	[consensus] v3 Committee (#26693)	UNREVIEWED			
1427	df134b20c06a634372fbb462ff57bae56643165e	2026-05-20	fix(faucet): make `sui start --with-faucet` shut down on Ctrl+C (#26697)	UNREVIEWED			
1428	2cc1b040f375f45dcd367d2a9e123661cc12d789	2026-05-20	[graphql-stream] Add Address.asTransactionObject [12/n] (#26495)	UNREVIEWED			
1429	4bfae7d7fcdbbe597493cb607a1357c9b490418c	2026-05-20	[traffic_controller] metrics improvements (#24574)	UNREVIEWED			
1430	f488eb1025a8367efed6056244dbb4e4435abf10	2026-05-20	typed-store: add TH_AUTOSHARD env flag (#26715)	UNREVIEWED			
1431	a010caf34181fe6ca29ab8cc52ad655213d48947	2026-05-20	build(docker): add sui-metric-checker to sui-tools, drop orphaned sui-tool (#26721)	UNREVIEWED			
1432	69ff544c668426b2317038a25ba842bbe515a8d9	2026-05-20	build(docker): delete sui-services image (folded into sui-tools) (#26722)	UNREVIEWED			
1433	8d75557faedade6a07708a72c3707a056e45b976	2026-05-20	[move][move-decompiler] Normalize continue-bearing IfElses inside loops (#26690)	UNREVIEWED			
1434	6f028086e13ae60a631c428b4adef2200f74c860	2026-05-20	[consensus][tidehunter] Enable compressed batch WAL frames for consensus (#26718)	UNREVIEWED			
1435	4fad04afa9c91e000836d9255a126483ed69bf8e	2026-05-20	Redo list api progress propagation (#26703)	UNREVIEWED			
1436	98a639bf995a1d2995051614ee658f6c7637f92d	2026-05-20	[move-package-alt] absolutize PackagePath for stable dedup identity (DVX-2096) (#26607)	UNREVIEWED			
1437	541925f5f61a20b6d13c9be609778d7d57b81487	2026-05-20	ci(release): build only packaged binaries, stop building sui twice (#26725)	UNREVIEWED			
1438	4a2426e76920c887e2e00cea067fe6d2ea4ba215	2026-05-20	tx offset (#26709)	UNREVIEWED			
1439	f8049925815d0ce3021c28648c27350076bc57b5	2026-05-20	[scripts] Add dual replay cut script + skill (#26688)	UNREVIEWED			
1440	8a6e7295fb80d8ecccecc7d07680e879c0c63e8d	2026-05-21	[chore] gate staging-only streaming items to silence clippy warnings (#26719)	UNREVIEWED			
1441	0625f734a418c80024f2ac03793e2f279426daa7	2026-05-21	[move] On-chain dependency pinning (v2: separate types) (#26552)	UNREVIEWED			
1442	d07b8bda94be3b739f3315e61a9d21d22c115659	2026-05-21	[move] Make Vanilla a non-unit struct (#26562)	UNREVIEWED			
1443	ac364a2082855db6a7b99050131886a009f62f97	2026-05-21	nickv/misc kv index (#26710)	UNREVIEWED			
1444	e7cc476d455551668ec051972d1e4088ac0da03c	2026-05-21	protocol-config: simplify render function signature	UNREVIEWED			
1445	751ba68ddb2dd04cfa16a0bee4b6d73a5f131c60	2026-05-21	rpc: populate lossless protocol_config.configs and stringify attributes	UNREVIEWED			
1446	86200a2722c4e0434b2e5a04e7d1e87ee94f98b8	2026-05-21	jsonrpc: add lossless configs map to ProtocolConfigResponse	UNREVIEWED			
1447	899f878923efa10f217836a8961f10e79cb0a5e8	2026-05-21	protocol-config: render unset fields as Format::null	UNREVIEWED			
1448	95337667fa839e7ce61a7fb7242fca17d5f3bdf1	2026-05-21	kvstore: index lossless protocol configs as a prost-encoded Struct cell	UNREVIEWED			
1449	bb4684278ac95af912f442efb4c5d832d4d07ec0	2026-05-21	Fullnode query apis (#26717)	UNREVIEWED			
1450	5ee14d5314a82dee5aae423781faa22423eea690	2026-05-21	Simplify bitmap evaluation	UNREVIEWED			
1451	66b4e55178cf041eab398e76893552653bf06a65	2026-05-21	Let the streams flow! (#26728)	UNREVIEWED			
1452	df2e714ca6019ac5ead76aa20d45e52beae40d07	2026-05-21	[consensus] propose at latest possible round after restart (#26720)	UNREVIEWED			
1453	3be29b4ed2a1077d89a4c3c6c77c635b159efdc3	2026-05-21	sui-core: drop fastpath guard in object_funds_checker (#26610)	UNREVIEWED			
1454	ac4d046824e762ad554c848e6f0f40982c53550b	2026-05-21	Gate rpc and consolidate rpcs (#26735)	UNREVIEWED			
1455	37de2da6b748a172154d08fb79e35ea360449612	2026-05-21	Enable gas priority tx admission queue by default (#26730)	UNREVIEWED			
1456	de4cbdf63dedb1a7d0899b47f7f34e22fccf64ef	2026-05-21	[consensus] add BlockV3 (#26727)	UNREVIEWED			
1457	b3b40534900e08d450f16ca5f9323998c13e624a	2026-05-21	sui-core: add address balances design docs (#26532)	UNREVIEWED			
1458	407cb6ab3da557bad260a4ea42c3669099e494b4	2026-05-21	docs: validate gasless token table against lib.rs at build time (#26700)	UNREVIEWED			
1459	ecf5558557e12604219e89b0a05da73029ca7208	2026-05-21	docs: fix redirect for /standards/deepbookv3 (#26739)	UNREVIEWED			
1460	deb077b179edaca1e853bc6f2e738f6f65dc15e8	2026-05-21	Enable timestamp_based_epoch_close on testnet (#26740)	UNREVIEWED			
1461	b4d23a7c16fa5293cec384849bd524501313c6d0	2026-05-21	[tidehunter] Enable objects compactor on full nodes when num_epochs_to_retain=0 (#26737)	UNREVIEWED			
1462	28b4131345ee867474c78d9f12472237631729d8	2026-05-21	docs: add SuiVision note and example (#26743)	UNREVIEWED			
1463	876e0ab4a11bf65e576314b2c92997b9edd2aa3f	2026-05-21	nickv/button up 2 (#26744)	UNREVIEWED			
1464	ea52f2c67bb7f366b7a646b4f4f0fb89be280f6f	2026-05-21	[WIP] Party permissioned objects (#26246)	UNREVIEWED			
1465	718ae563a42fb4ba0d055588f81c704dcef58c25	2026-05-21	[tidehunter] Call Bytes::into_owned on multi_get results (#26745)	UNREVIEWED			
1466	72564bc1fb0b104c445785dd400375afe2fbfa06	2026-05-22	Sui v1.73.0 Framework Bytecode snapshot (#26750)	UNREVIEWED			
1467	30a5e82d3ab54da307ce60c5e7b1a5eff8a7131b	2026-05-21	Sui v1.74.0 Version Bump (#26751)	UNREVIEWED			
1468	9775bc65e6be771aa98db672cf89e860c729bf5e	2026-05-21	[sui-benchmark] Fix flaky cancellation_count threshold in test_composite_workload (#26748)	UNREVIEWED			
1469	e09f31f7606bca023907740966b3bd8f8f5a4703	2026-05-22	Increase objects table max dirty keys (#26752)	UNREVIEWED			
1470	43921284c81de0ce78b31faef4f6aa7dd9e2127b	2026-05-22	docs: rewrite Exchange Integration around gRPC and GraphQL (#26705)	UNREVIEWED			
1471	62ee6ada958cd61b3c8a4466dd33c9aba3cdff8a	2026-05-22	[cli] Fix tree shake alg by using the pkg id instead of pkg display name (#26734)	UNREVIEWED			
1472	f786dd7bcf5b1fd47cb365787d1f52a7bfb58add	2026-05-22	docs: Update gasless-stablecoin-transfers.mdx (#26760)	UNREVIEWED			
1473	3849d83948bcf5900f949abd6b51888c5fe12bc0	2026-05-22	Gracefully handle freetier txns with no gas owner (#26756)	UNREVIEWED			
1474	b1d8f66257df085d686df9df678b3eeb6379a9bf	2026-05-22	ci: enable sccache in bridge.yml (clippy + test jobs) (#26762)	UNREVIEWED			
1475	ba7dabd228a319ded47173174311a59be4c90f71	2026-05-22	fix(simulate): accept explicit gas_price=0 for gasless-eligible transactions (#26763)	UNREVIEWED			
1476	818f8d78f222b9279cb966a5754fb0a2c21d58b1	2026-05-22	ci: add simtest host disk guardrails (#26726)	UNREVIEWED			
1477	d1b171a178bd995900102cee4e42f6b430cdeb43	2026-05-26	docs: remove outdated package management content from upgrade page (#26742)	UNREVIEWED			
1478	ecfd8070f145bea93d835a9c3127500c74e77f07	2026-05-26	chore: sync shared Docusaurus components (#26777)	UNREVIEWED			
1479	585d7a076f990fa1ba8760e39883ddfc99b9276e	2026-05-26	docs: add the Sui Agent Skills page (#26754)	UNREVIEWED			
1480	94b94f2248268afbc0ff21b2c12806b7450e88c0	2026-05-26	docs: add AgentPrompt builder-prompt callouts (#26755)	UNREVIEWED			
1481	5baf57fde3fb46c69a2a8006470d35fa83ccf828	2026-05-26	docs: Diagram standards update (#26747)	UNREVIEWED			
1482	0fdc788f9e8d76cd47d20a840744741550b60a55	2026-05-26	docs: automated fixes from weekly audit (1 issues) (#26778)	UNREVIEWED			
1483	fd19123f3d9610eb050fec59d1205f3f85776103	2026-05-26	ci(release): fix update-homebrew-formula gating on release events (#26782)	UNREVIEWED			
1484	78aea9a321b07ac78819092d24c763f471989f84	2026-05-26	fix(tidehunter pruner): uncap checkpoint watermark when objects compactor is active (#26779)	UNREVIEWED			
1485	6ded6577b57c6ef0c699fddf8d9fd4450d22cb42	2026-05-26	fix: expose Plausible track function so custom events fire (#26781)	UNREVIEWED			
1486	1fd64849c11a130de450168e64e3913885a3bee4	2026-05-26	feat(accumulator): add create_for_testing for AccumulatorRoot (#26784)	UNREVIEWED			
1487	17b7f032987e0156ee8ea0b82488a96ad681ba26	2026-05-27	[Block Streaming] support DKG generation as an Observer (#26646)	UNREVIEWED			
1488	303c9da6c97d6dbd77dba056afafd5ee208b8475	2026-05-27	sui-kvstore: replace AbortOnDrop with TaskGuard (#26791)	UNREVIEWED			
1489	9cb5dcf26b962b28f574ee461c71970850b51981	2026-05-27	docs: Update docs diagrams to align with new design system (#26783)	UNREVIEWED			
1490	ec061781453c59241af928ea30eab05fb9428ed7	2026-05-27	docs: add canonical JSON-RPC migration guide under accessing-data (#26716)	UNREVIEWED			
1491	df6f6962ed7979d4b50ae99734fa757164faba0e	2026-05-27	docs: add Sui completion CLI reference (#26767)	UNREVIEWED			
1492	cfdf0d8762731378682569655ea575008a407681	2026-05-27	docs: add announcement banner for Sui Agent Skills page (#26792)	UNREVIEWED			
1493	f78f7d94a2a1168a87a7f0064c8345e624b6c7a0	2026-05-27	fix: Plausible custom events silently dropped (#26787)	UNREVIEWED			
1494	83804db71fd84796d3d5676ca625390f409a72a7	2026-05-27	Check formal snapshot genesis network (#26761)	UNREVIEWED			
1495	da1b67bf9e6a8c4eec54f56b6456875707ca1033	2026-05-27	fix: switch Plausible custom events to CSS class-based tracking (#26793)	UNREVIEWED			
1496	8eccec6ab750b1e558bc11b7e59ba096be9501ae	2026-05-27	sui-rpc-api: replace alpha proof/event services with v2alpha	UNREVIEWED			
1497	63bfc970ef63aa63c7e54c6fa88217a9e9744513	2026-05-27	sui-light-client: bucket events by settlement for MMR verification	UNREVIEWED			
1498	e81b9ab3d829effb88f4515a1e6ae0809ce64bd9	2026-05-27	sui-core: index rpc-index from `Checkpoint` instead of `CheckpointData`	UNREVIEWED			
1499	5910cc10a60e15586ce362a351cfca346c44ba97	2026-05-27	sui-types: take `ObjectSet` in `derive_detailed_balance_changes_2`	UNREVIEWED			
1500	9a52149a54c8c6d2511dd74c01f260ec2b8d6e0d	2026-05-27	[Block Streaming] broadcast randomness round signatures from Observer peer to client (#26679)	UNREVIEWED			
1501	b6ae551be8a7b6db68a7b6de8c3bbb2328bad52d	2026-05-27	docs: add custom properties to Plausible CSS class events (#26797)	UNREVIEWED			
1502	d5493c7566fe1e17a9c8ab87d88fa0c0fee50b04	2026-05-28	sui-replay-2: add --skip-artifacts flag (#26800)	UNREVIEWED			
1503	7966e59b7fbbca160945006729de46edeea742f7	2026-05-28	Deduplicate bitmap scans (#26799)	UNREVIEWED			
1504	2bf0b96032a77ec8c8d523a6d58c0f37217d0021	2026-05-28	[cli]: add more specific jsonrpc error code for external signers ledger fallback (#26789)	UNREVIEWED			
1505	44e3b8a379735d744a9efed44b6d3f191968cb4e	2026-05-28	ci(sccache-warmup): broaden macOS disk cleanup to x86_64 runner (#26815)	UNREVIEWED			
1506	05dfe63824cd73353f28d443cd24ddc45ea1e2a0	2026-05-28	docs: fix GraphQL generated pages missing from references sidebar (#26821)	UNREVIEWED			
1507	a874e97a29d0d2ad55b3f0f4044df79822803156	2026-05-28	[typed-store] Route contains_key through backend-native exists API (#26585)	UNREVIEWED			
1508	c0c9b9f18fd28b05847b934673281018223e55be	2026-05-28	[chore] Update tidehunter to 2e0cd56 and set relocation_max_reclaim_pct=100 (#26785)	UNREVIEWED			
1509	53ac9eff53c8307e1a745d20352d33aa771b3b17	2026-05-28	Revert "[typed-store] Route contains_key through backend-native exist… (#26826)	UNREVIEWED			
1510	124c64e643a2fea059cb369cc6b96b565fadea7d	2026-05-28	Land #26816 gas-underflow fix in main (#26828)	UNREVIEWED			
1511	7ea30dc61b4b4f1f55d629f1c9e8660099ff3398	2026-05-29	[graphql-alt] Allowlist client SDK version metric label (#26674)	UNREVIEWED			
1512	6c1a36f8b54114947572b7e57120199ebcf70abf	2026-05-29	[consensus] clean up stale allow(dead_code) and allow(unused) attributes (#26780)	UNREVIEWED			
1513	197452c564debb797067e390543718537c9cfbad	2026-05-29	Gate #26816 gas-underflow fix for safe rollout (mainnet replay correctness) (#26829)	UNREVIEWED			
1514	2c6061af6ecc08adbb521196f6bb87ce097172d5	2026-05-29	allow deserializing bigger checkpoints (#26841)	UNREVIEWED			
1515	027024d7f6a91a4cf5701b7e2f17d837cd6d09c3	2026-05-29	[consensus] remove FIFO compaction option (#26736)	UNREVIEWED			
1516	54659bd464991a12547b23cd0dd66fd2b2e65fb2	2026-05-29	[indexer-alt-framework] feature-gate diesel deps behind postgres (#26844)	UNREVIEWED			
1517	9ffd9c0f2cb4812fde03e0af60a59a74cd74db49	2026-05-29	Update instructions for coding agents (#26850)	UNREVIEWED			
1518	680ca90782c09c79bb6a2f94e6157de1a4f6a13e	2026-05-29	Protocol gate and add unit tests for hotfix in #26832 (#26843)	UNREVIEWED			
1519	7094aa994180af4dad33c347a276d6a55f713606	2026-06-01	ci: stop warming macOS sccache daily (#26858)	UNREVIEWED			
1520	c60fc0165031b76ab2b7e646b034361fd2f116ff	2026-06-01	docs: fix MystenLabs GitHub URL casing (#26836)	UNREVIEWED			
1521	f617b0cdd80cd7189189adeb1660cee27f72a275	2026-06-01	[iffw] Fix protocol gating (#26862)	UNREVIEWED			
1522	e0a6a5790b0ab9edd4dd5eb37b9b6fa3921922c7	2026-06-01	cli: `sui start` improvements (#26861)	UNREVIEWED			
1523	55164acd7c065fa6c1d69c17b55676517cbc63a0	2026-06-01	[iffw] a bit more cleanup/hardening (#26866)	UNREVIEWED			
1524	b4634a5ee363b4029856308bea03b43af3bed96d	2026-06-01	Backport DKG failure recovery fixes (#26856)	UNREVIEWED			
1525	3ed857d98ee2cdb915694332665d5033e9180924	2026-06-01	[consensus] add LeaderSlotDecider for v3 commit rule (#26723)	UNREVIEWED			
1526	26196fe8db43a3f646b3d9b4331813228accf4bb	2026-06-01	[move-ir] vector pack/unpack refactor (#26524)	UNREVIEWED			
1527	52b5e48fd208303d8efecaa64e6ba18604eede69	2026-06-02	docs: add client CLI examples for shipped commands (#26837)	UNREVIEWED			
1528	286f8a7454a6af620e963dacefb833f3cd8118cb	2026-06-02	indexer-alt-framework: generalize ingenstion client  (#26869)	UNREVIEWED			
1529	e92adbfb028acb40e36a77d2eff963b8ff0e4a5e	2026-06-03	chore: sync shared Docusaurus components (#26872)	UNREVIEWED			
1530	54f34ddc0cc412d0f5052252b2c1e972df657f27	2026-06-03	docs: integrate Messaging SDK docs from sui-stack-messaging repo (#26796)	UNREVIEWED			
1531	1ca4d4eb59215672c9bdb69e09fc6db1294df7c7	2026-06-03	docs: clarify testnet snapshot buckets (#26877)	UNREVIEWED			
1532	49eb0ade2ce311deefbda0ad5edc72edfee23d4f	2026-06-03	Move dkg_output_v2 Tidehunter keyspace to the end (#26881)	UNREVIEWED			
1533	697107bf87532cf337497a9a3dc9f33bb77d40f0	2026-06-03	Remove sui-tool DB snapshot downloader (#26878)	UNREVIEWED			
1534	31537d4d9235b9f61dc07a3a71b05ed61a2bda7b	2026-06-04	[system] more cleanup (#25960)	UNREVIEWED			
1535	eced02468444d429a4e9a2b9622b7bd30a1710d4	2026-06-04	fix(sui): `sui start` resumes the embedded fullnode (index over the fullnode gRPC) (#26884)	UNREVIEWED			
1536	91f9d310a50ae63843dcd9fd1aa972fa4232f44c	2026-06-04	fix(ci): derive release cache_family from the .0 minor branch (#26895)	UNREVIEWED			
1537	1dd02e4261841fefd60f3a42e6b06e9ed6a653c7	2026-06-04	docs: add high-level SDK comparison page (#26890)	UNREVIEWED			
1538	5244f8f2c5c73d523add3ad1c19247f40b57110d	2026-06-04	Remove unnecessary async from AuthorityState methods (#26889)	UNREVIEWED			
1539	1b9e2d324ca5d80ecb8dd0b70e3a79ea9b1a59ae	2026-06-05	docs: remove testnet-only notices from PAS documentation (#26902)	UNREVIEWED			
1540	4bdc0a4c486696a6e170e0fed963e2811a5aabc6	2026-06-05	Refactor rosetta auxillary data handling	UNREVIEWED			
1541	9220309ea9267f517920510dc5f6e0cb788a0c61	2026-06-05	gasless rosetta (#26900)	UNREVIEWED			
1542	4f5ae6295080c9ca75fe2cd9041d0ac091606d57	2026-06-05	Support extra grpc headers in Rosetta (#26904)	UNREVIEWED			
1543	5406f210c81bd5c7a3078be0c3d4507c0d674973	2026-06-05	fix(protocol-config): move always_advance_dkg_to_resolution to version 127 (#26896)	UNREVIEWED			
1544	9c33cc6d4c6d5de120ca0e149d17b35e6020c5d5	2026-06-07	fix(mysten-network): apply connect_timeout to lazy gRPC channels (#26911)	UNREVIEWED			
1545	94bfdb24ad71371ccf7c1247fc09534e04b3d1a8	2026-06-07	core: record a highest-committed-checkpoint watermark atomic with outputs	UNREVIEWED			
1546	d36a363774682992219e2141947c18d4c6f02317	2026-06-07	core: stop rpc-index double-counting checkpoints after a rebuild	UNREVIEWED			
1547	5c392a5a6a94bd31def84676c2b2158814c00db7	2026-06-08	fix(sui-benchmark): prevent duplicate tx digests in benchmark workloads (#26913)	UNREVIEWED			
1548	d0a491bc3442c699da6861e9355d1190b34bdd78	2026-06-08	fix(ci): trigger-builds cache_family falls back to main when branch not cut (#26917)	UNREVIEWED			
1549	a0710529342506d9846ad0da8d2ef2c058f9cc0c	2026-06-08	Enforce soft bundle gas price equality (#26882)	UNREVIEWED			
1550	b3e08910af03c511f45974f730bedda2b488087b	2026-06-08	ci(setup-sccache): backward-compatible AWS OIDC support + role specs (#26922)	UNREVIEWED			
1551	686a33f94189ad72205f4c8276a1ea44ed8e7360	2026-06-08	[decompiler] Extract local-name analysis into refinement::liveness module	UNREVIEWED			
1552	6d43b521fa11a7c10d4463cd7a8bf1c5ab61bb93	2026-06-08	[decompiler] Inline let-bindings whose RHS is a single-use variable	UNREVIEWED			
1553	dc291ebd175f7819ba4ffc8de52065e7efe089a9	2026-06-08	[decompiler] Collapse `*(&e)` to `e` in `simplify_borrow_deref`	UNREVIEWED			
1554	5537e65be17036512142ab5196042346cfb5e821	2026-06-08	[decompiler] Add refinements/simplify_borrow_deref Move test	UNREVIEWED			
1555	4a4b6d6728c6778c9c3fff0a1ae4c6cf289c63e0	2026-06-08	[decompiler] Refinements test: switch deref_in_guard to deref_in_arith	UNREVIEWED			
1556	a5a48b9c524abd94928fd17529bc4437b51ffc4f	2026-06-08	[decompiler] Tighten `simplify_borrow_deref` shape check	UNREVIEWED			
1557	82a6a2f9a455a40581a978bf1b1659802e264993	2026-06-08	ci(sccache): warm-cache via GitHub OIDC instead of static AWS keys (#26923)	UNREVIEWED			
1558	0a78b083e43acfa84d4ff73cb750491cd5a8c4d0	2026-06-08	[decompiler] Generalize inline-let to immutable RHS in `inline_immutable_alias`	UNREVIEWED			
1559	b777943881e04d24160fe4a05e81f09141fc8931	2026-06-08	[decompiler] Add refinements/inline_immutable_alias Move test	UNREVIEWED			
1560	afbb508432f0371c58fac659bc2463cdac039baa	2026-06-08	[decompiler] Guard `inline_immutable_alias` against mut-borrowed slots	UNREVIEWED			
1561	2d88b53369d25d06da23fde28daad3fe8d179da6	2026-06-08	simtest: add DKG failure regression to reconfig_with_crashes_and_delays (#26892)	UNREVIEWED			
1562	c2a157a3778c2fc136be55dce32b26791fa63ba9	2026-06-08	docs(oidc): record provisioned release-s3 role; mark kms role blocked (#26924)	UNREVIEWED			
1563	4d038786228ec8188d103f25ca9875eec6cee90f	2026-06-08	ci(sccache): nightly build via GitHub OIDC instead of static AWS keys (#26925)	UNREVIEWED			
1564	fdb818008aa9c0a024d1d90f7d4052b8cd4631b9	2026-06-08	[decompiler] Fold boolean-literal if-arms in `bool_if_simplify`	UNREVIEWED			
1565	411c90c07cb9f492b67e2f787f3916c596968366	2026-06-08	[decompiler] Add refinements/bool_if_simplify Move test	UNREVIEWED			
1566	cf48a2997547b1e365e8bbe35a20dee64ff89a8f	2026-06-08	[decompiler] Push `!` through comparison ops in `negate_comparison`	UNREVIEWED			
1567	866ab1fa852899aa36035db401f1783ee587ecc7	2026-06-08	[decompiler] Add refinements/negate_comparison Move test	UNREVIEWED			
1568	8398bee9ac1bddc10c97231060d15b6761f8a902	2026-06-08	[decompiler] Tighten `negate_comparison` destructure	UNREVIEWED			
1569	2bfbfb8fec226f1238d4c1068290347ec8519249	2026-06-08	[decompiler] Inline single-use let into its head-position consumer in `collapse_let_usage`	UNREVIEWED			
1570	0f93ce6aa0218a2c61cb67aea6b75595ff59fc40	2026-06-08	[decompiler] Add refinements/collapse_let_usage Move test	UNREVIEWED			
1571	b20465c0e023e374c0145b42a0ca8b98bc8ad015	2026-06-08	[decompiler] `collapse_let_usage`: use `Refine` trait walker	UNREVIEWED			
1572	dd1641fa160f9ce0391f16faaf33d73120c01646	2026-06-08	feat(seed-search): add --error-regex flag for targeted seed discovery (#26920)	UNREVIEWED			
1573	367c07d4409e582c2b225355ec2865b0c863a782	2026-06-08	[decompiler] Hoist a terminating arm out of `let X = if (...)` in `lift_terminating_arm`	UNREVIEWED			
1574	9a5d4e8ba1cfa8612156d140b02064da016df0f0	2026-06-08	[decompiler] Add refinements/lift_terminating_arm Move test	UNREVIEWED			
1575	12aa8956306b26eddd35797f29f7b750ee6e13e5	2026-06-08	[decompiler] Share `always_terminates` between `simplify_if` and `lift_terminating_arm`	UNREVIEWED			
1576	c6535b5556631c73409c2d4f93d1fb344b59c230	2026-06-08	[decompiler] `lift_terminating_arm`: fold analyze+take into one fn	UNREVIEWED			
1577	940491055557269c75bb473dd03783f2f1398de3	2026-06-08	composite workload: regression test for IFFW gas-smashing underflow (#26865)	UNREVIEWED			
1578	7c0c78591d2b6aaa1f1d7be3ad5e1fffa06b66ca	2026-06-08	[decompiler] Canonicalize `literal op X` to `X op' literal` in `simplify_zero_compare`	UNREVIEWED			
1579	8d3507cbb9fffb0b6cf5e6b1bfb13dbb79849dc2	2026-06-08	[decompiler] Add refinements/simplify_zero_compare Move test	UNREVIEWED			
1580	097107e4c854692eb95268a408d455c28c310f2b	2026-06-08	[decompiler] Tighten `simplify_zero_compare` arity check	UNREVIEWED			
1581	30a288737cf2fb505c154d92a52d8426d01e9e49	2026-06-08	[decompiler] `simplify_zero_compare`: comment literal check, defer op lookup	UNREVIEWED			
1582	06ff93b5a1acbf7690e31e35a39afed48b44bb3a	2026-06-08	[decompiler] Strip redundant `freeze` wrappers in `dedupe_freeze`	UNREVIEWED			
1583	26b87f9cfefdb5a8ca8ce45a5cdd2712e883391b	2026-06-08	[decompiler] Tighten `dedupe_freeze` shape check	UNREVIEWED			
1584	cb75ea9d8668f438afd298a78de8a1ada5e4c005	2026-06-08	[decompiler] `dedupe_freeze`: per-arm rewrite, drop bool relay	UNREVIEWED			
1585	ee66e49c2a6ff5c977557f6e2e29d6771236138d	2026-06-08	[decompiler] Add dedupe_freeze unit tests	UNREVIEWED			
1586	7f2e4ba70b46383930d21c1ba6cdb698624cec46	2026-06-09	fix(sui-core): allow epoch to advance by >1 in submit_tx ValidatorHaltedAtEpochEnd retry (#26921)	UNREVIEWED			
1587	44cbd478cffe1a939915add02e8d1fbfa1c3f6a5	2026-06-09	Unify validity_check and validity_check_no_gas_check for dry_run (#26794)	UNREVIEWED			
1588	3104a6b5553107ff8f75ad582b03d383fcb31ae2	2026-06-09	add sui-tool db-shell: interactive shell for validator databases (#26854)	UNREVIEWED			
1589	0697f92b1258ee1f910f2a96ca093061e7b624cd	2026-06-09	Adding dummy byte to ExtantEvent dimension (#26906)	UNREVIEWED			
1590	e4f650c14f8e903f01447b8bb1ea33691b7ffed6	2026-06-10	Unanchored Negation (#26932)	UNREVIEWED			
1591	a403e3c01d403381894fcc04cedc6ff3c9080aad	2026-06-10	ci(sccache): bridge.yml dual-pass OIDC (Phase 3 pilot) (#26927)	UNREVIEWED			
1592	b7851baddb78f79e73eafc1a183a10b90f317d9e	2026-06-10	Harden private release download scripts (#26945)	UNREVIEWED			
1593	004a12a0fe4808e2c640c98230769a76ad67215c	2026-06-11	Use serde_with::Bytes in Signature::Deserialize (#26753)	UNREVIEWED			
1594	8bb44c781582c6be5a1a677de6f11312be2420cf	2026-06-11	docs(oidc): per-call-site setup-sccache caller inventory + classification (#26926)	UNREVIEWED			
1595	bc467651ba191ae99e74522b7be4f51869b6b002	2026-06-11	Fall back to newest public version in protocol compatibility check (#26947)	UNREVIEWED			
1596	c8f4a24ceeba07f517fc50cf65db9a2437d2506e	2026-06-11	Fix cargo-deny advisory failures (RUSTSEC-2026-0172/0173/0174) (#26948)	UNREVIEWED			
1597	ceae355bd35ab83229b5dad21be57869750936f1	2026-06-11	ci(sccache): dual-pass OIDC for rust.yml and external.yml (Phase 3) (#26946)	UNREVIEWED			
1598	719ac32d413bde983502e8ae3e5b36ff6aaa0989	2026-06-11	ci(release): split sui-releases S3 ops into an OIDC environment job (Phase 5) (#26951)	UNREVIEWED			
1599	78c52318271bc4493c61e59a3bba28556b9768f6	2026-06-12	Fix accumulator and gasless metrics (#26949)	UNREVIEWED			
1600	8c1a5dbc40b12b91e5ce79f8f0e259c69f63269c	2026-06-13	Split latest account amount reads (#26908)	UNREVIEWED			
1601	911b66673ed2acf7358bbe4e1b87456ad200e9c5	2026-06-15	fix(graphql): unexpected unicode in SuiAddress (#26958)	UNREVIEWED			
1602	ad6b04a4f2be1e9da9f5254134270471ddc4930b	2026-06-15	ci(release): pin checkout to the tag namespace and validate the tag prefix (#26953)	UNREVIEWED			
1603	75a1e7923ae3cc3ef787c8fd8c6ade112aa6d995	2026-06-15	docs(oidc): correct Phase-4 fork-exclusion framing + release dispatch hazard (#26952)	UNREVIEWED			
1604	5cdcf2c85ab4568ee6cc41005dd1cd3f476cd74a	2026-06-15	docs(oidc): record Phase-4 decision — option A (all PRs read-only) (#26960)	UNREVIEWED			
1605	5ef0405b2f2d46aaf9662874c54861d5e45544fb	2026-06-15	ci: restrict heavy CI token permissions (#26766)	UNREVIEWED			
1606	91b34b2ffe68f27f7bcbe458a8f752fdbd46b060	2026-06-15	[sui-adapter][easy] Skip collecting runtime telemetry for dry-run/dev-inspect (#26950)	UNREVIEWED			
1607	c605814b1abca4e4a720fff8c5158ca78409afb2	2026-06-15	json-rpc: pair checkpoint summaries with their own contents (#26964)	UNREVIEWED			
1608	f0f4ce96fb308cdda07191947cb68938b453b93d	2026-06-15	test-cluster: retry submit_and_execute on transient post-reconfiguration consensus timeouts (#26965)	UNREVIEWED			
1609	0333f585c86c75bc214f8bf838fe006bbc572ba7	2026-06-15	json-rpc: add config flag to disable the JSON-RPC HTTP service (#26967)	UNREVIEWED			
1610	14b389728a7f70c66b483ee487f266d90556684d	2026-06-15	ci(release): flip release-build sccache to the OIDC RW role (Phase 5) (#26963)	UNREVIEWED			
1611	0a7d9d28b4ab061f5abe58363057087ef97149fd	2026-06-15	Bound accumulator amounts to representable limits before charging gas (#26955)	UNREVIEWED			
1612	4ac25e815ee4290c462982687facfa1d17fda229	2026-06-15	ci(sccache): same-repo PRs assume the read-only OIDC role (Phase 4, option A) (#26962)	UNREVIEWED			
1613	364300a6b4c3fe7a1ebddf521697da35578b1905	2026-06-15	fix(ci): release.yml startup failure (empty ${{ }} in a run-block comment) (#26969)	UNREVIEWED			
1614	3ed924d833b23057bbb46c6b49dde62f5ff031ed	2026-06-15	docs: expand security, keytool, transaction-auth, logging, and zkLogin pages (#26701)	UNREVIEWED			
1615	14c59d81505b738529ab7013b21cc2341adce79d	2026-06-15	Fix postgres DoS advisories (RUSTSEC-2026-0178/0179/0180) (#26968)	UNREVIEWED			
1616	f636627563b38ef87ed0a84e675ac64c4cb5f641	2026-06-15	x: skip license-header check on codegen.rs scripts	UNREVIEWED			
1617	43aa5086e87fda0cd625f2a1739e026be3eecd3e	2026-06-15	consistent-store: introduce sui-consistent-store crate	UNREVIEWED			
1618	b8fbacfccb0d7c6dbdce6e52fbd977dfc0c0b355	2026-06-15	[easy][sui-transactional-test-runner] Add support for setting chain in `//# init` (#26971)	UNREVIEWED			
1619	80db556fde510d8c641e5de05a0c47236c5c05de	2026-06-16	Update gas prices for range proofs and ristretto (#26901)	UNREVIEWED			
1620	e5a1ebb17edc84fee7612df933f6bcf268ebe962	2026-06-16	Remove old checkpoint splitting path (#26954)	UNREVIEWED			
1621	e7cb8684d119aec5d06c27247c16988f7406fa23	2026-06-16	send-pr: specify what a PR description should contain (#26977)	UNREVIEWED			
1622	149a5734ce7005b2b3bb1cfcaf2a6cb22f4fdefb	2026-06-16	Assert settlement effects success in checkpoint builder to avoid race with persistence (#26860)	UNREVIEWED			
1623	b81bf3c29a542196d908408cca1111195f2ff841	2026-06-16	Bump anemo version (#26981)	UNREVIEWED			
1624	1e15e378c9cc92b842aa3eb11bb0b0bc9e7614a9	2026-06-16	Reliably report consistently-failing state-sync peers (#26973)	UNREVIEWED			
1625	58f64fcf5c8dfcc5ff0b659d97c0fd9ab8a147a2	2026-06-16	chore: sync shared Docusaurus components (#26915)	UNREVIEWED			
1626	669fe874cf457035fe12996a0d162eebfb251a41	2026-06-17	Don't panic when randomness receiver channel is closed during shutdown (#26989)	UNREVIEWED			
1627	2cd8b7090dde292868137ee79d4e5438f9000062	2026-06-17	Add DST argument to Ristretto255 range proof verification (#26885)	UNREVIEWED			
1628	8041b03cc1144f5810ec579e915914249ae5001c	2026-06-17	docs: align pages with security best practices guide (#26970)	UNREVIEWED			
1629	370c4df0c696d4f02328c22e247025d9300aa5aa	2026-06-17	Remove deadcode from authority logic (#26988)	UNREVIEWED			
1630	f2f1d0cb1179fbe5541a8463a399a6aaf482ce4e	2026-06-17	docs: Kapa.ai side modal and add CodeWalkthrough scroll-spy component (#26985)	UNREVIEWED			
1631	1d52736e1baf6b35498c2b8c5271df9c0d40593d	2026-06-17	fix(test): wait for address-balance deposit to settle on all nodes (#26974)	UNREVIEWED			
1632	ce0fe2653d7bf706e7a7a106fbf19d58316b824e	2026-06-17	Populate system state for archival (#26995)	UNREVIEWED			
1633	6e92c30de27d08a64e5b80c634d04b8182dd5442	2026-06-17	Refactor archival resolution & rendering (#27001)	UNREVIEWED			
1634	283500cd60e7763f570955b9732d810f2be97d7e	2026-06-17	docs: fix for style guide (#26987)	UNREVIEWED			
1635	2e196df64878a6ee6786cf739474e8bf4a85f726	2026-06-18	Custom `TransactionConnection` to support partially-filled results from bitmap streaming 2/n (#26897)	UNREVIEWED			
1636	d401109972516198871ae55975457d780ee5a9d7	2026-06-18	Enable Ristretto255 group ops and bulletproofs verification on testnet (#26998)	UNREVIEWED			
1637	df241e8b91e717fd6868845511d4bcbc6974c254	2026-06-18	[cli] upstream move lint (#26991)	UNREVIEWED			
1638	6637e9835b01464e9dfcda854754e9844f789ce2	2026-06-18	rpc-store: introduce sui-rpc-store crate (#26978)	UNREVIEWED			
1639	774eca4b1bd4b1a6ae3a9eb5c6dacaf5a261b981	2026-06-18	Enable timestamp_based_epoch_close on mainnet (#26996)	UNREVIEWED			
1640	b477e5a1440d48e4b331e921339781c4bdc9bc3b	2026-06-18	Return 404 on pruned epoch (#27006)	UNREVIEWED			
1641	8f6c229f0a309747a5991561adf9c8246dcb3377	2026-06-18	Remove scope digest from cursor (#27005)	UNREVIEWED			
1642	79585efd9e4a9ee85b90e37127e61c94ca6e4a2c	2026-06-18	Downgrade MVCC root-version stabilization check to non-invariant (#27007)	UNREVIEWED			
1643	a3027aa9e505a7eda529238192d472a5555b9bdb	2026-06-18	New txn bitmap dimensions to support package history queries. (#26957)	UNREVIEWED			
1644	d27ca8d3c524cb3d3782bf076556c57ab1b5145f	2026-06-18	Package write rpc support (#27010)	UNREVIEWED			
1645	51cc99786b9dedd5325c0ae93e37f409c79ca035	2026-06-18	sui-node: embed the rpc-store into the fullnode behind a config flag (#26979)	UNREVIEWED			
1646	9b9e32fb45184539911237ed06f16cbe4f0ca193	2026-06-19	[cli] Rename forking_mode to skip_signing (#27012)	UNREVIEWED			
1647	b124567746b3a78a7e294ac2de265f693401ec9d	2026-06-19	[sui-fork] Fix child object reads to support bounded versions (#26966)	UNREVIEWED			
1648	d034d564f84b901efe507ff8f6e4b5c8c0cb53bd	2026-06-19	Sui v1.74.0 Framework Bytecode snapshot (#27016)	UNREVIEWED			
1649	66ece6024145b27de72995acd469e7ed911cae1e	2026-06-19	Sui v1.75.0 Version Bump (#27017)	UNREVIEWED			
1650	860cf61397fb48cd80cf6bc1fa444fec3bdbbc34	2026-06-22	graphql: generalize Address.asTransactionObject (#27018)	UNREVIEWED			
1651	88ca368d52653c501f309f1319eec4218c025ba9	2026-06-22	[Block Streaming] consensus sync full nodes to verify local checkpoints (#26842)	UNREVIEWED			
1652	26088ad2382ceb24c143862614688e766c044268	2026-06-22	docs: fix self-referencing link in migration-strategies.mdx (#27021)	UNREVIEWED			
1653	cf371176c61147260d8ef1105fd9a7426ab91251	2026-06-22	Log GraphQL requests at trace level for replay (#27004)	UNREVIEWED			
1654	11f312fbd74bfa218019f1df848aa8a42b2dd4e4	2026-06-22	docs: JSON-RPC deprecation banner and Playground analytics (#27028)	UNREVIEWED			
1655	8e4fe12d5c4ef73e0d9065896979f5cd06166f1c	2026-06-22	[cli] Update the sui client balance to use gRPC list_balances (#26999)	UNREVIEWED			
1656	f0287cc7ac1287bbcf0802f97e7b6a12d290ed28	2026-06-22	[typed-store] Double WAL mmap window for perpetual tidehunter DB (#27029)	UNREVIEWED			
1657	ef5410b59f53a649e8c62ddec4f0939e97cb3147	2026-06-22	core: append TideHunter checkpoint watermark keyspace (#27033)	UNREVIEWED			
1658	4ab62da4b488b1a09fa37f9974acbb7ab43a70ad	2026-06-23	[move-ide] Added support for smart features in non-inlined macro functions (#26651)	UNREVIEWED			
1659	eed444460aa41926b10f54380caa03eb29db4f0d	2026-06-23	sui-proxy: add on-chain hashi committee resolver (#26975)	UNREVIEWED			
1660	0816947943b4c8784532ef75d7b53ea87fc42ccf	2026-06-23	[move-compiler][lint] Unused return value (#26801)	UNREVIEWED			
1661	443269fa63f79980e5f99f613568d9e4017a0c76	2026-06-23	[adapter] Simplify and remove stale gas-related gating (#27008)	UNREVIEWED			
1662	22566432dc46011610a09d31f1b1a5f916fd0041	2026-06-23	ci(release): drop vestigial static sccache AWS keys (OIDC-only) (#27045)	UNREVIEWED			
1663	1ddff1691ef82ed88efed6beee6ec8e597f3309d	2026-06-24	[trace-view] Hardening against source/bytecode mismatches (#26870)	UNREVIEWED			
1664	81693c18bf8fb202ebba61dfc8b8a41841e87cc6	2026-06-24	Add lower bound to object scans (#27047)	UNREVIEWED			
1665	0571566d49a8791e81ca43dd5577c3ed4b08738c	2026-06-24	Update quinn-proto (#27048)	UNREVIEWED			
1666	ff11a4224e9b1160e52c486d3ca3426e47d9b88e	2026-06-24	docs: Security-related docs updates and lagging tasks (#26835)	UNREVIEWED			
1667	bb17ee0d19ab1caaedd7c465ee7a0f4abf46c61d	2026-06-24	[typed-store] Add DBMap::snapshot_iterator for point-in-time iteration (#26874)	UNREVIEWED			
1668	22209dd8c7166f3f2494a79d4ce8fd174514296d	2026-06-24	[decompiler] Determinism fixes + add corpus residual fixtures	UNREVIEWED			
1669	34a2b608032cf6ba22706e2e33f121a1e0ae26fc	2026-06-24	[decompiler] Replace post-dom-based arm absorb with in-degree singly-entered check	UNREVIEWED			
1670	0fe3ca73dd568368e4e6b291204406d0e8c82c5a	2026-06-24	[decompiler] Embed multi-pred sink arms at loop heads	UNREVIEWED			
1671	1b40d65ad6d19cdae72ae541bea55183bc4f4a96	2026-06-24	[decompiler] Add convergence check to orphan hoist; refuse to fuse loop exits into Code blocks	UNREVIEWED			
1672	b8812802cff8900b27de854cf1cec869391e9994	2026-06-24	[decompiler] Recover loop exits + hoist orphans in CFG order	UNREVIEWED			
1673	9a1ee24a1beb69840e0deb201c8bbb5dc54741cd	2026-06-24	[decompiler] Add dispatch table for multi-succ loops	UNREVIEWED			
1674	50c5a0ea07f3062edd777fdacc2bdba77bd7c24a	2026-06-24	[decompiler] Dispatch synthesis cleanups + convergence_ok regression fixture	UNREVIEWED			
1675	b2f16fe5d5624e0159c66e7139eb8e8358617612	2026-06-24	[decompiler] Address review feedback on loop-refinement	UNREVIEWED			
1676	22f73023751598722099982b17b1f85dd247f992	2026-06-24	[decompiler] Address review: spacing before 'as' + cleaner alt deref	UNREVIEWED			
1677	fcffd3592a58848df968654c3f8176b283e665a1	2026-06-24	rpc-store: register RocksDB stats collector for embedded store (#27053)	UNREVIEWED			
1678	f6f3f514d5a59adf6841025e0cf8cf354bc05d80	2026-06-24	[graphql-stream] Add cursor field to Checkpoint [13/n] (#26731)	UNREVIEWED			
1679	c28e6fa308b46f30204c3aea7e36e9126c5e4656	2026-06-24	Suppress resubmission of consensus-processed transactions (#27054)	UNREVIEWED			
1680	d07864d3404b5a175fb1d84f4471deef5fd946cb	2026-06-24	Reject soft bundles that repeat a transaction (#27056)	UNREVIEWED			
1681	3cf6e7cdc5175a00d65252661162d9660fe62541	2026-06-25	[trace-view] Improved UX for starting inlined instructions (#27046)	UNREVIEWED			
1682	e300cc811a107fe12826c08d2f167326b066355f	2026-06-25	[move-ide] Sort abilities for on-hover display (#27061)	UNREVIEWED			
1683	e10164e89b3c9eb8f503ddf5b546b61075767a4d	2026-06-25	[state sync] support GCS (incl. requester-pays) in archive fallback (#27063)	UNREVIEWED			
1684	20382058c46265ad3932fc384a7b0416bdc55402	2026-06-25	refactor spam weight calculation for handle_submit_transaction (#27064)	UNREVIEWED			
1685	450aeda4928177abd5af6395ad7cb207cd7d6b33	2026-06-25	[graphql] Thread `alpha_ledger_grpc_reader` to optionally support bitmap stream apis with backward compatibility 1/n (#26894)	UNREVIEWED			
1686	bbd632974aa17a0db31d0c24293419473fd4f956	2026-06-25	[framework] adds insert_(before|after) to linked_table (#26914)	UNREVIEWED			
1687	03e40c5fae980ffdc5cb67f097c9e8eb165e667b	2026-06-25	Add monitored scopes to consensus commit steps (#27066)	UNREVIEWED			
1688	43e318397de442fa6df1f63bdfd204ed33607f5f	2026-06-25	[framework] future proofing type_name in coin (#27067)	UNREVIEWED			
1689	c9d976734fb59aeebc7871d06e06afd4055987aa	2026-06-25	[traffic controller] add consensus_submission_limit_exceeded tally me… (#27068)	UNREVIEWED			
1690	588cc0cc189ad095f0d1330b4e11900bb839660b	2026-06-25	[consensus adapter] fix inflight count for soft bundles (#27074)	UNREVIEWED			
1691	c0bf87f562830a14fe222bf7477ef02fbed154fa	2026-06-26	Suppress transaction resubmission (#27069)	UNREVIEWED			
1692	aedf7060de585459f819a02ad405ea167575f545	2026-06-26	rpc-store: Replace bespoke owner prefix types with OwnerKind	UNREVIEWED			
1693	f094e31bd7a6984855983fa12124683d49894c1a	2026-06-26	consistent-store: Remove the snapshot stride concept	UNREVIEWED			
1694	53479077212eaac9ed64c1cc331006f00bd21c37	2026-06-26	rpc-store: Rename the schema keys module to primitives	UNREVIEWED			
1695	3b2b6cfb5072d4b968bd3ba7b75b31dc29093ee1	2026-06-26	rpc-store: Index end-of-epoch system info into the epochs CF	UNREVIEWED			
1696	2907605e17d38235ab1c87895f57da8e9fe32bce	2026-06-26	Drop vestigial ParentSync impl from latest TemporaryStore (#27015)	UNREVIEWED			
1697	25eb3f373fb03223ceb2dccc18a64fb4c5475ce3	2026-06-26	Remove unread legacy protocol config index columns (#27085)	UNREVIEWED			
1698	4bab257902a15b56d0ea316c397642100a9ed5ec	2026-06-26	Cancel pre-submission when a transaction is already processed by consensus (#27083)	UNREVIEWED			
1699	656377ff8814c788abf286d2bea6e2a56287a5f2	2026-06-29	Extract execution-layer invariant checks into a InvariantChecker module (#27051)	UNREVIEWED			
1700	254519b11609ae115c3360ca1b8c3e06c4bbc64d	2026-06-29	Add chain identifier to ProtocolConfig (#27090)	UNREVIEWED			
1701	cfa5527eb714f50a96cc10932617e6fcf5991853	2026-06-29	[telemetry-subscribers] add RUST_LOG_TAILS for per-target log file tails (#27026)	UNREVIEWED			
1702	05d00c43f80ad03eb6ae1d92a35edf8eeed441b1	2026-06-29	Passing of accumulator_version should not be conditional on network (#27087)	UNREVIEWED			
1703	6fdd192489210b146b13c0b922778fba5f53737e	2026-06-29	rpc-store: index object versions by checkpoint	UNREVIEWED			
1704	c143feb7e83d7a0c9f53f65182c7d469b35d12ed	2026-06-29	rpc-store: resolve checkpoint-pinned reads below the restore anchor	UNREVIEWED			
1705	0a8c7bdc3d260fcd6c79a1288adcf83413036112	2026-06-29	rpc-store: move object_version_by_checkpoint to the history cohort	UNREVIEWED			
1706	7b71e7d3393d3f52ee2a7b1e1ab3dd1d217c10ee	2026-06-29	rpc-store: floor pre-window objects during the backfill window	UNREVIEWED			
1707	00924e333a0cf3c044a5393a06b1fbe0fbd74ec7	2026-06-29	rpc-store: produce floor candidates only within the backfill window	UNREVIEWED			
1708	202269270735836e22095230c68f43e062256890	2026-06-29	rpc-store: drop the live_objects CF in favor of an objects scan	UNREVIEWED			
1709	c9e4683100a32de62d3c1facc4a49cdd100462ef	2026-06-29	[move] Tighten up some additional binary bounds (#27096)	UNREVIEWED			
1710	aa9f060e929947e788e9d821c1bbccbdc95c9743	2026-06-29	[chore] enhance consensus handler metrics (#27093)	UNREVIEWED			
1711	e1fd1f334767cf6114edf4edab88db8bbb1a009e	2026-06-29	sui: retain fullnode address from network config (#27094)	UNREVIEWED			
1712	51cc0e2317748b483d70c704ec8dba1f24f7e2b8	2026-06-29	[move][move-decompiler] Massive improvements to acyclic structuring	UNREVIEWED			
1713	44791e888f740d0d9390cebf43ce2a92577a65b3	2026-06-29	Reduce and pipeline consensus commit-handler hot-path work (#27052)	UNREVIEWED			
1714	89f507b4df9fc8304607d6755a856acc21ce4329	2026-06-29	[simtest] Fix seed-search build when naming specific test targets (#27103)	UNREVIEWED			
1715	3e844c500c233f01babe24e3260a3fa0d54ef0ad	2026-06-30	nickv/list checkpoints bugfix (#27106)	UNREVIEWED			
1716	171e921a5bcdd0bc4c05359d46277ec3f2e6e7ec	2026-06-30	[lint] unused object with fields (#26386)	UNREVIEWED			
1717	c0fc8bcc48cc655d2fc3bad809df0a268659d571	2026-06-30	[move-prompt] Initial sui-prompt implementation (#26864)	UNREVIEWED			
1718	61a89d4bdf1f114f954de04d817b2333096bce83	2026-06-30	[autodebug] Fix flaky party_object_read test: drop duplicate tx submission (#27108)	UNREVIEWED			
1719	3e0b5d426cfbd4de755688216b8bfb246bf21d59	2026-06-30	rpc-store: record package publish checkpoint for point-in-time reads	UNREVIEWED			
1720	3d1f2afec6c75611fa6cdd2052f99b6eadd74bc6	2026-06-30	rpc-store: move package_versions to the history cohort	UNREVIEWED			
1721	4c1d185f64b50e68013fd197ff5e3009dc0af7ea	2026-06-30	[consensus adapter] improve logging (#27100)	UNREVIEWED			
1722	5f20508b3975399f9de24724f5700a6c9dff30ce	2026-06-30	[graphql] Migrate Transaction type to use gRPC cursor format (#27035)	UNREVIEWED			
1723	2ca5c3c219e13fe715c466c1ac830ec69a010416	2026-06-30	[adapter] Add `PackagePayload` enum (#27009)	UNREVIEWED			
1724	0c59b5109916f086ef53b53591051f1dc87dc89f	2026-06-30	ci(release): give the slow macos-latest-large sccache leg a 4h OIDC session (#27116)	UNREVIEWED			
1725	0f97d1c481053eae05021e6f5772cf114c0a08cb	2026-06-30	Compute unchanged consensus objects outside the effects constructor (#27092)	UNREVIEWED			
1726	6ee3bdaf286309eee0bf9d443304efa7a528c016	2026-06-30	Fix error propagation bug (#27117)	UNREVIEWED			
1727	4f3496b88805899a5f43533a934245f6e6b35828	2026-07-01	Store epoch-start system object versions in a map (#27113)	UNREVIEWED			
1728	47ec771a938b8a3244e347b8a4bc5b4ee72fbf60	2026-07-01	Add active address source metrics for discovery v3 rollout (#27031)	UNREVIEWED			
1729	48c91ecc2d3ef9796b74f5a8de6b592fadb902b6	2026-07-01	refactor: get rid of sui-default-config (#27122)	UNREVIEWED			
1730	3854cc738be7aafe73d0c565723b9524419c3d91	2026-07-01	sui-indexer-alt-framework: surface underlying source in ingestion fetch-retry log (#27114)	UNREVIEWED			
1731	1b4217e440377a221e173595dc0d6e6d54fe207b	2026-07-01	Tidy existing gas code: thread gas coin through into_effects, abstract gas status (#27041)	UNREVIEWED			
1732	07c3c64dda0f010b75f4808bc1a85eee3b3ccb48	2026-07-01	[typed-store] Adopt tidehunter keyspace reorder/remove + name-based handle API (#27126)	UNREVIEWED			
1733	3ab366bc03818445e2334809d8da405e843dc2d8	2026-07-01	Batch per-transaction work in the consensus commit-handler filter stage (#27101)	UNREVIEWED			
1734	378cbb2c643e53da59ee543d0533621f62667d07	2026-07-02	docs(indexer): mention address_balances consistent store pipeline (#27120)	UNREVIEWED			
1735	9609c2b6a9a55e9c51c5e2284ae9a250bb922231	2026-07-02	Prioritize system messages over user transactions in consensus adapter (#27123)	UNREVIEWED			
1736	fe20d4b8601535a36e4ec88aba0cd697dc47ed6a	2026-07-02	[adapter] Core unified linkage changes (#27032)	UNREVIEWED			
1737	c0f85162bdd7040539accbf078a1b0f71cf5e3ff	2026-07-02	[graphql-stream] Resumable checkpoints subscription [14/n] (#26714)	UNREVIEWED			
1738	5da24480a76b7b2b109990c17a2a00948fe00018	2026-07-02	Deduplicate transaction submissions in authority service handler (#27107)	UNREVIEWED			
1739	e7dfba7343d59b67c7db909279affb30d57edc39	2026-07-02	Carve legacy gas/execution into `mod legacy` (#27042)	UNREVIEWED			
1740	b9149cbf0b2cb9ae5ed830407a9b48c7ae3fd36c	2026-07-02	[refactor] update the processed message table for the dropped transactions (#27133)	UNREVIEWED			
1741	44256f7e15ed21391eaa06ec47f89464c96f10bd	2026-07-03	Sui v1.75.0 Framework Bytecode snapshot (#27135)	UNREVIEWED			
1742	640883e2a819ec3cc0aa2e75ef363bf448eebacf	2026-07-02	Sui v1.76.0 Version Bump (#27136)	UNREVIEWED			
1743	78d7f5eaf0ca58ccf472dd0d532483122855fe06	2026-07-02	[typed-store] Update tidehunter, use native exists() for contains_key (#27132)	UNREVIEWED			
1744	33d67fd5b8f48023685b1e1bf6349e2d8f0ee503	2026-07-03	Fix cargo-deny advisories failing CI on main (#27137)	UNREVIEWED			
1745	6a2e653d11140058ed554dd5fc8313ece5e4de2b	2026-07-03	Fix nondeterministic fail-point registration in large consensus commit prologue test (#27143)	UNREVIEWED			
1746	2afd397a2d118a22c4d793901a49e97333b95321	2026-07-05	rpc-store: make the embedded rpc-store the default backend	UNREVIEWED			
1747	7d255b2261f813dcedfcc07867c15c7986948646	2026-07-05	rpc-store: remove the unused legacy rpc-index backend	UNREVIEWED			
1748	e386c3d87e83f89d9381a156c920a35f25d9771e	2026-07-05	test-cluster: wait for the embedded rpc-store index in test reads	UNREVIEWED			
1749	eda1326dd12570dfb52f144003e190672abb5100	2026-07-05	rpc-store: fix owned-objects cursor to not duplicate across pages	UNREVIEWED			
1750	511167f9c46875d9a393d519e0b579ec98b33850	2026-07-05	rpc-store: bound the rpc-api tip to the live-indexed checkpoint	UNREVIEWED			
1751	ce12f3df1b7f8cccddc2b3e8e05ead15092d8a7b	2026-07-05	tests: stop racing the asynchronous embedded rpc-store index	UNREVIEWED			
1752	530819001951a5d4aded30c054cfd9e19807b2d3	2026-07-05	rpc-store: fix dynamic-field and balance cursors duplicating pages	UNREVIEWED			
1753	bae9819bc42817c626ef312ff884bbc7ff81cd7a	2026-07-05	rpc-store: seek owned-object and balance pagination to the cursor	UNREVIEWED			
1754	644e8bb20459d14a443b6964f7c77f0a3dd2d585	2026-07-05	rpc-store: seek dynamic-field pagination to the cursor	UNREVIEWED			
1755	a6a87ce7b2e5621db4679a6ea3353f1027fb055c	2026-07-05	rpc-store: seek package-version pagination to the cursor	UNREVIEWED			
1756	540e185509676b46b2a37453a48a9dc8f788ab1f	2026-07-05	consistent-store: fix unresolved rustdoc link in iter_prefix_from	UNREVIEWED			
1757	6abed0c00336342a807f41e0a372dafd0996d440	2026-07-05	rpc-store: drop the ledger-history-indexing config flag	UNREVIEWED			
1758	9c4723828857d8d3d80096b61a23ac1eea579b50	2026-07-05	rpc-store: fail the health check while the index is backfilling	UNREVIEWED			
1759	11b6dd5a6fc50ee7d57a3602e5a835f691681ca7	2026-07-05	rpc-store: delete the legacy rpc-index directory on startup	UNREVIEWED			
1760	30ab9954b750c1d416e6f8370e7644a34336316f	2026-07-05	rpc-store: prune the embedded object_version_by_checkpoint index	UNREVIEWED			
1761	5b8548fc436875b37b17373a566d3ee2b752a27d	2026-07-05	rpc-store: dedup per-object pruner retractions to one range tombstone	UNREVIEWED			
1762	8ac4f463ee2392b1386870574d78aba6c194fec4	2026-07-05	rpc-store: point-delete object_version_by_checkpoint retractions	UNREVIEWED			
1763	971a2b2769a1c6765900234bae9f195ba47ac1ff	2026-07-05	sui-rpc-store: disable snapshots when embedded	UNREVIEWED			
1764	ffa84c9508a91a9cffa1aeb8ca86f9867140b3c0	2026-07-05	rpc-store: cache object_version_by_checkpoint floor lookups	UNREVIEWED			
1765	0aff43c60a37ae9f50ac73b1d9975c690e336d9f	2026-07-05	[consensus adapter] end submission when transaction is rejected or dropped (#27138)	UNREVIEWED			
1766	7063f1ba66eaa714eff5a7f525323f5e22fc5b07	2026-07-06	[consensus handler] fix test build after TestAuthorityBuilder API change (#27145)	UNREVIEWED			
1767	e57212ac1f81428cdd6470117e9a2842f0db53fe	2026-07-06	[move-ide] Fixes to auto-import and quick-fix (#27089)	UNREVIEWED			
1768	d9f4797dbdcc9c5ec019fa190b432ea0e1bc39c1	2026-07-06	[sui-core] Remove dead AuthorityEpochTables tables and their callers (#27130)	UNREVIEWED			
1769	fbd893a4ab5283c3b8dbf1204490bb9ada32a6b6	2026-07-06	[sui-core] Remove dead builder_digest_to_checkpoint table (#27150)	UNREVIEWED			
1770	beaa521b894c76e54eb3b14a420093b944bb5147	2026-07-06	[simtest] reduce flakiness by waiting for checkpoint indexing (#27148)	UNREVIEWED			
1771	1a7258f2076e387e26efe49570f218164c6871d1	2026-07-06	[consensus] fix block publish/subscribe issues (#27057)	UNREVIEWED			
1772	22a873aaae1026591f335b89c026b4632b4661b4	2026-07-06	Fix tidehunter build warnings and enforce them in CI (#27152)	UNREVIEWED			
1773	0b67215315ba3b880eb9355f15644a2d7c13a7de	2026-07-06	[consensus] add v3 FlexCommitter (#26876)	UNREVIEWED			
1774	90be567f4ccecfdc586bc797d171ad69f1186b89	2026-07-06	[gql] reject invalid txn cursor upfront (#27154)	UNREVIEWED			
1775	c70b9cb88078131e760015b0f2653e732a0c4e13	2026-07-07	[cli] sets default flavor (#27162)	UNREVIEWED			
1776	c9702c30019a861fa8dd339c1f4827367efb1cbe	2026-07-07	rust-sdk: bump pointer and migrate v2alpha ledger proto changes (#27153)	UNREVIEWED			
1777	456ee4221ba61e477fcffb9bb4305157320cff85	2026-07-07	graphql: OpaqueCursor<C> (#27163)	UNREVIEWED			
1778	2e66812f9096863f1d233a799b96e34b3c93d41f	2026-07-07	docs: strip PR review lines from release notes and add SDK v2 object handling (#27165)	UNREVIEWED			
1779	c1e59401dc67b07c2875d9b414ffc3faadc930a5	2026-07-07	Fix flaky proof tests racing the async rpc-store index (#27166)	UNREVIEWED			
1780	cc3c213638f828322ea07d1da54c7d99f1155d2f	2026-07-07	Generate ProtocolConfig feature flag getters (#26976)	UNREVIEWED			
1781	a17b4691909890b915fcdea8b2442da5f4b3bd6e	2026-07-07	Bump crossbeam-epoch to 0.9.20 to fix RUSTSEC-2026-0204 (#27167)	UNREVIEWED			
1782	463e769b07eb10bd5c8cd9900893fa646b765aa7	2026-07-07	graphql: backwards compatible cursor (#27168)	UNREVIEWED			
1783	7592e84692ef6f3a1f30ccdcf06e3fb1444018a2	2026-07-07	Fix homebrew-bump concurrency self-deadlock when called from release.yml (#27173)	UNREVIEWED			
1784	b551ad26ccd834e793548008dfcbda0137204b0c	2026-07-07	Remove Homebrew formula bump from the release pipeline (#27175)	UNREVIEWED			
1785	85a0c930920e26ad1a9490ab51b9c4bd52f892ce	2026-07-07	rust-sdk: bump pointer and migrate merged filter literal change (#27171)	UNREVIEWED			
1786	746bbe66130b4e85db12004fe5e173fcb58e36a0	2026-07-07	Record net withdraw amounts instead of running max in ObjectFundsChecker unsettled balance (#27157)	UNREVIEWED			
1787	7d48d5ebcf0e55836c7b366f4efba029a3952beb	2026-07-07	Support setting boolean feature flags by name in transactional tests (#27158)	UNREVIEWED			
1788	97ddc0c083d084b02c656a085f41dd7461eea525	2026-07-07	Add scheduled workflow to auto-fix cargo-deny advisories (#27174)	UNREVIEWED			
1789	d05894756b3d215ab5096f6e0591f7269d122f26	2026-07-07	Tolerate non-JSON stderr noise in cargo-deny-autofix scan (#27177)	UNREVIEWED			
1790	780e6c9f963504a1615510b197f418cd3b9dc918	2026-07-07	Set formal snapshot restore metrics port to 9185 (#27178)	UNREVIEWED			
1791	f719301d07952626b53bf146213b60d5acadc6eb	2026-07-08	indexer-alt: group pipelines into ingestion cohorts by distance from tip (#27129)	UNREVIEWED			
1792	2d157da8e85274f19ec2a78eb6da39156736a5d5	2026-07-07	[graphql] Fix backwards pagination on `paginate_preloaded_transactions` (#27181)	UNREVIEWED			
1793	3a1fb78792adbd428ad531c917be92dec6f4edf1	2026-07-08	indexer-framework: clamp lower bound of processor channel size to 1 (#27180)	UNREVIEWED			
1794	16f1402387c7ce0f9310e57610428efec930dbf4	2026-07-08	[sui-benchmark] Restore cancellation_count margin in test_composite_workload (#27182)	UNREVIEWED			
1795	d27a74c00317fb61de7d13a1a743b064cb7d64be	2026-07-08	Skip zero net withdraws when recording unsettled object withdraws (#27191)	UNREVIEWED			
1796	291915754e364b72405dfc59b5784bbedfae1a87	2026-07-08	rpc-store: scope the health check to the live cohort (#27187)	UNREVIEWED			
1797	d389cc382bf750e835d6eb1990e6eb81a9a99cd4	2026-07-08	docs: update epoch and clock docs for timestamp-based epoch close (#27192)	UNREVIEWED			
1798	14dbec736b4c363c5596102ba03356c3c3d0b3af	2026-07-08	sui-proxy: use grpc for dynamic peer lookups (#27193)	UNREVIEWED			
1799	bdca565f75ae6cc87ccbe922b53daf0d5d81a169	2026-07-09	Encapsulate event bitpacking (#27179)	UNREVIEWED			
1800	b76bcd0e2bc3551fda92dfff1eeaea75622061ab	2026-07-09	nickv/pipelined key batches (#27199)	UNREVIEWED			
1801	bcd2eed6cde42fd971c8e351f29dfe83b4eea977	2026-07-09	jsonrpc-alt: log unknown methods (#27205)	UNREVIEWED			
1802	644aa81c537c426fae0268d9a1c3de82b5bb5e5f	2026-07-09	Bump ethnum to 1.5.3 to fix build on Rust 1.97+ (#27210)	UNREVIEWED			
1803	a99451e90dca86595848450faab621e5bc6ebcf1	2026-07-09	docs: add RPC and data providers page (#27207)	UNREVIEWED			
1804	9afe992c8ae139da32c2041df1436b2cb02543fb	2026-07-09	[grpc] Remove unused `options` in `item` or `boundary` watermark creation [1/n] (#27212)	UNREVIEWED			
1805	9d08477202016d1d19f9b02dddb06b9f6635dc32	2026-07-09	[move][adapter] Add support for `init` on upgrade (#27121)	UNREVIEWED			
1806	71ea70f1087d52d34f9859653ab7bcf8e0a47475	2026-07-09	[move][move-compiler] Remove unused type definitions from HLIR ast definitions (#27228)	UNREVIEWED			
1807	cfeb86cb2b62eadf2bf841d4abfe9a38fe6f9d66	2026-07-09	[trace-view] Support for adding source-level metadata (#27201)	UNREVIEWED			
1808	59cb8cc352082f10ede4ffe71424b43676bc9b3c	2026-07-10	[sui-framework] Scratchpad (#27105)	UNREVIEWED			
1809	04d2a84ed7396cb7d64cf3ced92e543a45ba57f0	2026-07-10	Generate typed feature flag setters for testing (#27159)	UNREVIEWED			
1810	138d1a06daae1aa845a5fd90337f2ff7e1ae0b47	2026-07-09	Improve address balance withdrawal error messages (#27203)	UNREVIEWED			
1811	9765bc341f625e913873ca763b5d6fd1d0162708	2026-07-10	[Stress] allow create duplicate and amplified traffic (#27127)	UNREVIEWED			
1812	37af425ff1d0b739192f197f80f16287be952a95	2026-07-10	Wait for rpc history indexes before tests (#27214)	UNREVIEWED			
1813	5583826a1bac4514206c76417e64e8ff64690058	2026-07-10	docs: fix broken links, missing frontmatter, and onboarding gaps (#27220)	UNREVIEWED			
1814	d985da9e756bb31f4a461e36c34323181004cca6	2026-07-10	[cli] Make `sui client chain-identifier` return Base58 and Hex formats (#27183)	UNREVIEWED			
1815	db3a6d0499875801fba27b1fe052564b8d5da998	2026-07-10	Fix bridge e2e flakiness reading ETH coin from owned-object index (#27229)	UNREVIEWED			
1816	4d03ff830073bbd22eafd5e07c9ca82d0ae5d6c1	2026-07-10	[chore] update fastcrypto (#27195)	UNREVIEWED			
1817	361c1994e56f2abd698ae501dae7f4d230d44d7c	2026-07-10	rpc-api: run transaction simulation on a blocking thread (#27236)	UNREVIEWED			
1818	d5b3e232983c0dbdcdb10d93b11b3769e086c4f0	2026-07-10	Remove admission queue bypass mode (#27149)	UNREVIEWED			
1819	94c67f729f870593244b368203f8456ae8246e7a	2026-07-10	[jsonrpc-alt] Add `getProtocolConfig` and `devInspectExecuteTransactionBlock` apis (#27227)	UNREVIEWED			
